Cultivar,Anthrac,Rust,GrainM,Seedwt,%Germ,Pani Hght,Pani Length,Grain Yld,Julian days
PI665166,2,1,2,3.17,70,185,17,28.934,127
PI665165,4,1,2,4.02,88,270,20,54.174,127
PI661148,5,3,3,2.78,70,145,15,30.352,109
PI660638,2,1,,,,220,20,12.202,118
PI660637,5,1,2,3.22,81,218,18,26.511,128
PI644717,2,5,3,2.17,5,220,15,,
PI644502,4,3,4,1.52,49,200,30,3.844,127
PI576431,2,3,2,1.76,64,125,25,17.377,109
PI576381,2,1,4,2.4,64,60,10,8.621,109
PI576380,3,1,2,3.33,28,72,12,14.988,109
PI576379,2,1,2,1.52,63,82,20,6.336,109
PI576377,2,1,3,1.58,34,90,15,1.992,109
PI576376,2,5,3,2.38,35,60,10,8.382,109
PI576375,2,6,4,2.26,31,165,20,5.895,128
PI576344,2,1,5,2.03,68,90,10,13.535,109
PI564780,2,2,,,,260,25,10.755,142
PI564779,2,4,4,1.82,15,135,40,28.492,127
PI564778,2,4,,,,280,30,13.643,142
PI564777,3,3,,,,270,30,,
PI564776,2,1,,1.56,20,230,30,2.136,128
PI534157,4,1,3,1.68,56,80,30,17.586,109
PI534152,2,3,4,1.75,22,135,35,9.151,109
PI534151,2,2,3,1.92,43,88,30,9.443,109
PI534146,5,1,3,1.44,18,110,20,13.859,109
PI534131,2,1,2,1.83,33,70,20,8.453,109
PI534121,2,1,4,1.31,31,110,10,9.922,109
PI534116,2,1,2,1.31,89,100,20,7.355,109
PI534115,4,1,3,2.61,28,85,15,5.65,109
PI533918,2,1,2,3.04,75,85,10,8.742,109
PI533903,2,1,4,1.4,26,125,30,8.27,109
PI330821,2,1,,,,,,,
PI330819,4,3,3,1.31,14,85,15,8.926,109
PI330764,2,3,,,,,,,
PI330288,5,3,,,,120,15,10.122,142
PI330261,2,2,4,2.17,62.86,160,30,6.448,127
PI330255,2,6,3,1.58,30,70,10,,
PI330230,2,5,,,,185,20,10.233,109
PI330004,2,2,,,,,,,
PI330000,3,1,,,,,,,
PI329968,2,3,,,,,,33.672,128
PI329697,2,1,,,,,,,
PI329346,,,,,,,,,
PI329313,,,,,,,,5.637,127
PI276832,,,,,,,,,
PI276822,,,,,,,,,
PI267655,2,1,,,,,,43.987,148
PI267624,3,3,2,2.94,83,115,10,15.785,109
PI267618,5,3,2,1.5,16,165,20,35.493,109
PI267606,2,1,3,2.79,70,120,20,10.557,109
PI267588,4,6,3,2.05,22,230,20,12.559,128
PI267565,2,1,3,1.52,84,230,20,6.129,127
PI267557,2,2,,,,220,30,4.162,128
PI257601,2,1,3,1.95,27.69,220,25,,
PI251637,2,3,2,1.72,81,130,15,19.936,109
PI197462,3,1,3,2.92,80,175,30,9.756,109
PI194355,2,5,4,1.61,,85,10,4.417,109
PI148101,4,1,3,1.32,23,280,20,9.291,142
PI148086,3,2,,,,,,,
PI147833,3,1,,,,,,,
PI663869,2,2,,,,,,,
PI330271,,,,,,,,,
PI533923,2,5,3,3.3,44,140,20,24.533,109
PI533920,3,3,5,1.63,27,60,10,5.382,128
PI533828,2,4,4,1.95,16,145,10,10.363,109
PI533800,4,1,3,1.69,60,95,10,12.197,109
PI533799,2,1,3,3.19,39,80,20,26.6,109
PI533792,2,2,3,2.07,30,115,15,,
PI534001,2,1,2,2.7,74,100,22,16.609,127
PI514502,2,2,,,,,,,
PI514496,2,1,,,,,,,
PI514485,2,2,,,,,,,
PI514484,2,4,,,,,,,
PI514474,2,2,,,,,,,
PI514472,2,4,,,,,,,
PI514471,2,3,,,,,,,
PI514470,2,2,,,,,,,
PI514467,2,2,,,,,,,
PI514460,2,4,,,,,,,
PI514457,2,4,,,,,,,
PI514456,2,1,,,,,,,
PI514455,2,2,,,,,,,
PI514454,2,3,,,,,,,
PI514453,2,2,,,,,,,
PI514440,2,1,,,,,,17.901,109
PI514437,2,3,2,1.31,91.25,,,,
PI514431,2,4,,,,,,17.673,127
PI514429,2,3,,,,,,,
PI514415,2,4,,,,,,,
PI514414,2,1,,,,,,,
PI514413,2,3,,,,,,,
PI514412,2,6,3,1.12,42,190,20,9.902,109
PI514411,2,2,2,2.32,90,,,,
PI514409,2,2,,,,,,6.378,127
PI514406,2,2,,,,,,,
PI514399,2,2,2,2.4,91,200,20,32.806,109
PI514398,2,1,3,1.63,86,,,25.506,109
PI514394,2,5,2,1.3,39,175,30,9.852,109
PI514393,2,1,2,2.27,53,210,25,25.875,109
PI514392,2,1,,,,,,22.058,128
PI514386,2,3,,,,,,,
PI514385,2,4,,,,,,,
PI514365,2,5,3,1.39,41,180,25,,
PI514348,2,2,,,,,,,
PI514347,2,3,,,,,,,
PI514338,2,3,,,,,,,
PI514318,2,1,2,3.43,72.22,,,,
PI514310,,,,,,,,4.847,109
PI514308,2,3,2,1.28,35.53,140,15,,
PI514288,3,4,3,3.66,91,170,15,13.353,109
PI514287,2,3,,2.52,38,230,20,24.31,137
PI514286,2,4,4,4.12,47,180,20,12.489,109
PI514285,2,2,,,,,,9.732,142
PI514281,2,4,,,,,,,
PI514280,2,1,,,,,,78.914,148
PI514279,2,4,,,,,,3.18,126
PI669795,2,4,3,2,38,145,20,,
PI669704,2,1,3,1.94,83,70,10,22.326,109
PI669703,2,2,2,2.93,70,120,30,5.605,109
PI669702,2,1,3,2.01,90,140,15,14.737,109
PI669699,2,3,3,2.2,75,160,20,11.416,109
PI669698,5,1,4,2,70,170,20,14.015,112
PI669639,3,6,3,2.64,58,70,10,,
PI669638,3,5,3,3.01,82,130,20,31.785,112
PI669637,2,1,3,2.75,77,120,10,22.138,112
PI669636,2,3,3,2.83,83,145,20,,
PI668763,3,2,3,2.42,72,165,20,12.437,112
PI668757,5,3,3,1.8,64,175,20,13.169,112
PI668726,2,3,3,2.22,72,165,20,18.713,112
PI668723,2,3,3,2.23,51,170,20,14.633,112
PI668717,2,1,3,1.64,33,220,30,7.455,127
PI514531,2,4,,,,,,,
PI514521,2,1,,,,,,14.801,112
PI514519,2,1,,,,,,,
PI514516,2,2,2,1.52,83,220,30,,
PI514507,2,2,,,,,,9.307,128
PI514506,2,3,,,,,,15.073,112
PI514505,2,2,,,,,,8.562,112
PI665169,2,3,2,3.53,85,240,20,41.958,127
PI665168,3,1,3.5,1.8,23,260,20,,
PI665167,2,4,4,2.72,27,280,20,19.966,112
PI514580,2,3,,,,,,,
PI514578,2,2,,,,,,,
PI514577,2,2,,,,,,,
PI514562,2,3,,,,,,0.674,112
PI514558,2,2,,,,,,,
PI514551,2,4,,,,,,9.374,112
PI514546,2,1,,,,,,,
PI514538,2,1,2,1.51,83,200,30,,
PI514534,2,2,,,,,,,
PI514533,2,2,,,,,,,
PI514605,2,3,3,2.45,51,125,20,10.258,112
PI514603,2,1,,,,,,,
PI514602,2,3,,,,,,,
PI514601,2,3,2,2.91,91,155,25,14.059,112
PI514597,2,3,,,,,,,
PI514595,2,1,,,,,,,
PI514589,2,3,,,,,,,
PI514583,2,1,,,,,,,
PI514582,2,2,,,,,,,
PI514581,2,3,,,,,,,
PI533861,2,1,5,,,75,15,,
PI522145,2,1,,,,,,,
PI514614,2,2,,,,,,,
PI514613,2,2,,,,,,,
PI514612,2,1,,,,,,18.658,112
PI514611,2,2,,,,,,,
PI514610,2,4,,,,,,,
PI514609,2,3,,,,,,22.614,142
PI514608,2,4,,,,,,,
PI514606,2,2,,,,,,,
PI665159,2,1,,,,,,,
PI656032,2,1,2,2.01,55,200,25,22.107,112
PI647797,2,1,,,,,,,
PI647745,2,1,,,,,,,
PI647732,2,1,,,,,,,
PI647721,2,5,,,,,,,
PI576432,2,1,4,2.23,11,110,15,,
PI563485,2,5,5,1.8,4,165,20,6.643,112
PI563484,,,,,,,,3.942,127
PI563482,5,1,2,3.41,79,170,20,8.941,112
RTx2536 (PI656010),2,2,4,1.86,50,120,20,8.905,126
BTx623,5,1,4,1.61,28,125,20,3.754,127
PI609251,5,1,4,2.21,54,190,20,4.523,112
SC748,2,1,3,2.28,74,90,15,22.532,112
TAM428,5,1,5,2.04,27,100,20,0.561,128
SC719,2,1,2,2.21,22,95,15,9.64,112
TX2911(PI607931),2,1,3,1.48,42,85,10,19.129,112
QL3 (PI656060),,,,,,,,3.682,112
Theis (PI651497),,,,,,,,,
Brandeis (PI576436),,,,,,,,10.045,128
SC326-6,,,,,,,,6.029,109
SC328C,,,,,,,,24.607,109
SC414-12E,,,,,,,,24.322,109
BTx378,,,,,,,,9.461,148
BTx398,,,,,,,,20.343,112
SC283,,,,,,,,11.227,112
SC112-14,,,,,,,,34.755,112
IS18760,,,,,,,,17.694,112
PI570726,,,,,,,,,
PI569979,,,,,,,,,
PI570841,,,,,,,,4.706,142
PI665166,2,3,4,2.68,27.27,195,15,70.278,127
PI665165,4,1,5,1.47,10.96,265,15,16.463,127
PI661148,3,1,3,2.65,44,140,20,39.366,109
PI660638,2,3,3,,,245,15,27.389,118
PI660637,3,4,3,2.45,72,160,15,20.996,128
PI644717,2,4,4,2.24,15,215,20,,
PI644502,2,4,4,1.74,76,220,30,6.431,127
PI576431,2,1,3,2.07,43,145,20,12.322,109
PI576381,2,1,5,1.99,75,60,15,7.214,109
PI576380,2,1,3,3.04,60,68,15,21.058,109
PI576379,2,1,4,1.39,67,98,20,5.22,109
PI576377,3,2,3,1.68,21,90,20,10.819,109
PI576376,2,3,5,2.1,27,65,15,7.413,109
PI576375,2,6,4,2.35,26,125,20,6.671,128
PI576344,2,1,3,2.11,76,70,10,14.723,109
PI564780,2,1,,,,300,30,22.994,142
PI564779,2,2,,1.17,7.27,140,30,13.092,127
PI564778,2,5,,2.11,80,280,30,11.681,142
PI564777,2,3,,1.68,77,275,25,,
PI564776,2,1,,2.19,51,170,30,1.941,128
PI534157,5,1,4,2.38,55,125,10,12.301,109
PI534152,2,1,4,1.94,38,120,40,8.916,109
PI534151,2,2,4,1.75,31,70,25,7.952,109
PI534146,3,1,4,2.19,14,95,20,31.438,109
PI534131,2,1,4,1.19,6,85,30,2.304,109
PI534121,2,1,5,1.63,29,135,15,5.044,109
PI534116,2,1,4,,,105,30,8.226,109
PI534115,3,1,3,1.75,71,85,20,17.633,109
PI533918,2,3,5,1.57,3,90,15,0.57,109
PI533903,2,1,3,3.18,45,110,20,36.375,109
PI330821,2,1,4,1.6,45,,,,
PI330819,2,1,,,,110,15,17.597,109
PI330764,2,4,4,2.68,76,,,,
PI330288,,,,,,90,10,,142
PI330261,2,4,4,2.44,80,175,15,,127
PI330255,2,2,5,2.84,77,75,15,,
PI330230,2,5,,,,185,10,18.322,109
PI330004,2,2,,,,,,,
PI330000,2,3,,,,,,,
PI329968,2,3,,,,,,,128
PI329697,2,1,,,,,,,
PI329346,,,,,,,,,
PI329313,2,2,,,,,,9.473,127
PI276832,2,1,,,,,,,
PI276822,2,1,,,,,,,
PI267655,2,1,,,,,,,148
PI267624,2,3,2,2.73,83,115,15,47.741,109
PI267618,3,1,2,1.69,40,180,25,52.687,109
PI267606,2,2,3,3.24,71,135,20,6.336,109
PI267588,4,5,4,2.24,24,230,20,,128
PI267565,2,1,3,1.63,64,210,20,9.313,127
PI267557,2,2,3,1.48,42,230,30,7.086,128
PI257601,2,1,2,3.01,81,225,20,,
PI251637,2,5,3,1.45,76,175,15,12.342,109
PI197462,5,4,3,3.53,78,170,30,22.112,109
PI194355,2,1,4,1.89,83,80,10,4.931,109
PI148101,4,2,,1.33,16,290,10,7.894,142
PI148086,3,3,,,,,,,
PI147833,3,1,,,,,,,
PI663869,2,4,,,,,,,
PI330271,2,1,,,,,,,
PI533923,2,1,4,3.43,58,130,15,53.281,109
PI533920,2,1,5,1.48,39,80,15,11.426,128
PI533828,2,1,4,2.23,14,125,10,9.293,109
PI533800,5,1,4,1.69,18,120,15,13.745,109
PI533799,2,1,4,2.99,27,80,20,35.701,109
PI533792,,,,,,,,,
PI534001,2,1,3,1.01,2,90,20,14.948,127
PI514502,2,1,,,,,,,
PI514496,2,3,,,,,,,
PI514485,2,3,,,,,,,
PI514484,2,4,,,,,,,
PI514474,2,3,,,,,,,
PI514472,,,,,,,,,
PI514471,,,,,,,,,
PI514470,2,2,,,,,,,
PI514467,2,3,,,,,,,
PI514460,,,,,,,,,
PI514457,,,,,,,,,
PI514456,,,,,,,,,
PI514455,2,3,,,,,,,
PI514454,,,,,,,,,
PI514453,,,,,,,,,
PI514440,2,4,,,,,,19.043,109
PI514437,2,5,,1.42,48,,,,
PI514431,2,5,,,,,,,127
PI514429,2,3,,,,,,,
PI514415,2,4,,,,,,,
PI514414,2,1,,,,,,,
PI514413,2,3,,,,,,,
PI514412,3,5,2,1.49,39,185,25,15.255,109
PI514411,2,3,,,,,,,
PI514409,2,3,,,,,,17.631,127
PI514406,2,2,,,,,,,
PI514399,3,3,2,2.68,77,190,25,19.475,109
PI514398,2,1,,1.11,53.49,,,5.539,109
PI514394,2,5,2,1.32,32,175,25,10.235,109
PI514393,2,1,3,2.2,37,200,20,28.157,109
PI514392,2,1,,,,,,19.802,128
PI514386,2,3,,,,,,,
PI514385,2,1,,,,,,,
PI514365,2,4,2,1.7,77,220,30,,
PI514348,2,4,,,,,,,
PI514347,2,4,,,,,,,
PI514338,2,3,,,,,,,
PI514318,2,1,2,2.76,86,,,,
PI514310,,,,,,,,8.287,109
PI514308,3,4,2,1.23,47,110,15,,
PI514288,4,4,3,3.39,54,250,25,25.901,109
PI514287,2,4,,,,270,25,97.748,137
PI514286,2,4,4,3.27,53.33,,,11.344,109
PI514285,2,1,,,,,,21.421,142
PI514281,2,3,,,,,,,
PI514280,2,1,,,,,,,148
PI514279,2,3,,,,,,,126
PI669795,3,3,3,2.12,38,160,25,,
PI669704,2,1,5,1.51,6,125,20,29.409,109
PI669703,2,1,3,3.05,78,115,30,13.842,109
PI669702,,,,,,160,15,,109
PI669699,2,1,,3.15,74,170,20,14.04,109
PI669698,,,,,,140,20,31.743,112
PI669639,,,,,,70,10,,
PI669638,2,3,,,,125,20,4.376,112
PI669637,,,,,,130,10,17.753,112
PI669636,,,,,,120,15,,
PI668763,3,1,3,2.9,70,165,20,22.932,112
PI668757,5,5,2,2,65,180,20,13.618,112
PI668726,5,3,4,2.12,38,170,20,7.35,112
PI668723,3,2,3,2.38,72,150,20,14.002,112
PI668717,2,1,3,1.64,8,190,30,10.633,127
PI514531,2,3,,,,,,,
PI514521,2,5,,1.28,88,,,23.285,112
PI514519,2,1,,,,,,,
PI514516,2,1,,,,180,30,,
PI514507,2,1,,,,,,7.828,128
PI514506,2,2,,,,,,14.41,112
PI514505,2,1,,,,,,15.352,112
PI665169,2,1,,2.53,62.5,195,20,37.372,127
PI665168,3,1,2,3.65,77,230,25,,
PI665167,2,3,3,3.19,59,245,20,21.982,112
PI514580,2,1,,,,,,,
PI514578,2,1,,,,,,,
PI514577,2,4,,,,,,,
PI514562,2,2,,,,,,0.386,112
PI514558,2,2,,,,,,,
PI514551,2,3,,,,,,31.49,112
PI514546,2,2,,,,,,,
PI514538,2,1,,,,250,30,,
PI514534,2,1,,,,,,,
PI514533,2,2,,,,,,,
PI514605,2,5,3,2.56,80,150,20,8.689,112
PI514603,2,1,,,,,,,
PI514602,2,2,,,,,,,
PI514601,2,4,2,2.26,97,170,20,13.932,112
PI514597,2,3,,,,,,,
PI514595,2,2,,,,,,,
PI514589,2,2,,,,,,,
PI514583,2,3,,,,,,,
PI514582,2,3,,,,,,,
PI514581,2,3,,,,,,,
PI533861,2,3,5,0.96,0,80,15,,
PI522145,2,3,,,,,,,
PI514614,2,1,,,,,,,
PI514613,2,1,,,,,,,
PI514612,2,1,,,,,,,112
PI514611,2,5,,,,,,,
PI514610,2,3,,,,,,,
PI514609,2,4,,,,,,31.389,142
PI514608,2,3,,,,,,,
PI514606,2,2,,,,,,,
PI665159,2,1,,,,,,,
PI656032,5,2,3,2.13,49,200,20,27.657,112
PI647797,2,2,,,,,,,
PI647745,2,1,,,,,,,
PI647732,2,1,,,,,,,
PI647721,2,4,,,,,,,
PI576432,2,1,4,2.79,38,110,15,,
PI563485,2,5,,,,145,20,8.296,112
PI563484,2,4,4,2.38,41,,,2.273,127
PI563482,3,2,2,2.37,47,175,15,7.062,112
RTx2536 (PI656010),2,1,5,1.88,8.89,115,20,14.07,126
BTx623,5,1,3,2.08,64,110,20,3.377,127
PI609251,5,1,3,2.48,69,190,20,7.23,112
SC748,2,1,,,,110,15,15.812,112
TAM428,5,1,4,2.38,41,100,20,0.547,128
SC719,3,1,,,,95,15,11.246,112
TX2911(PI607931),5,1,2,3.14,65,110,10,28.899,112
QL3 (PI656060),,,,,,,,6.664,112
Theis (PI651497),,,,,,,,,
Brandeis (PI576436),,,,,,,,9.563,128
SC326-6,,,,,,,,17.204,109
SC328C,,,,,,,,27.593,109
SC414-12E,,,,,,,,28.329,109
BTx378,,,,,,,,,148
BTx398,,,,,,,,24.426,112
SC283,,,,,,,,22.693,112
SC112-14,,,,,,,,32.456,112
IS18760,,,,,,,,26.845,112
PI570726,,,,,,,,,
PI569979,,,,,,,,,
PI570841,,,,,,,,3.988,142
PI665166,2,1,,1.46,8,210,10,91.503,127
PI665165,4,1,,,,240,20,73.754,127
PI661148,3,1,4,2.39,49.06,168,18,48.644,109
PI660638,2,3,,,,245,15,54.145,118
PI660637,2,1,,,,167,10,23.808,128
PI644717,2,5,4,2.43,13,225,15,,
PI644502,2,4,4,1.91,77,210,10,16.936,127
PI576431,2,3,3,1.76,40,130,20,23.717,109
PI576381,2,2,4,2.4,83,65,10,10.7,109
PI576380,4,3,3,3.62,67,50,10,39.84,109
PI576379,2,1,5,1.42,29,105,15,7.24,109
PI576377,3,1,4,1.39,20,95,15,4.272,109
PI576376,2,2,5,1.59,14,60,10,11.239,109
PI576375,2,5,4,2.2,15,150,20,6.883,128
PI576344,2,1,5,1.98,40,72,15,30.79,109
PI564780,2,1,,,,340,30,,142
PI564779,2,3,3,2.09,42,140,30,18.458,127
PI564778,2,1,,,,275,20,,142
PI564777,2,5,,,,270,30,,
PI564776,2,1,,,,230,25,5.075,128
PI534157,5,1,4,2.88,28,85,25,17.892,109
PI534152,2,1,4,1.21,16,145,35,15.635,109
PI534151,2,2,3,1.91,41,80,20,8.933,109
PI534146,3,1,,,,110,25,,109
PI534131,2,1,5,1.32,35,70,30,8.425,109
PI534121,2,2,5,1.62,82,140,10,13.674,109
PI534116,2,1,3,1.07,88,110,30,11.291,109
PI534115,4,1,4,2.62,18,85,15,38.766,109
PI533918,2,1,4,3.18,62,105,10,13.179,109
PI533903,2,1,4,1.44,28,105,20,27.909,109
PI330821,2,1,,,,,,,
PI330819,2,1,4,2.06,22,120,15,20.075,109
PI330764,2,5,,,,,,,
PI330288,,,,,,,,,142
PI330261,2,3,,,,170,10,,127
PI330255,2,4,3,2.33,64,85,10,,
PI330230,2,5,,,,,,,109
PI330004,2,1,,,,,,,
PI330000,3,2,,,,,,,
PI329968,2,3,,,,,,,128
PI329697,2,1,,,,,,,
PI329346,,,,,,,,,
PI329313,2,4,,,,,,13.203,127
PI276832,,,,,,,,,
PI276822,,,,,,,,,
PI267655,,,,,,,,,148
PI267624,,,,,,85,10,45.991,109
PI267618,,,,,,140,15,60.305,109
PI267606,,,,,,130,20,15.753,109
PI267588,3,3,3,2.43,21,,,,128
PI267565,2,1,3,1.63,81,230,20,10.13,127
PI267557,2,1,3,1.24,75,230,30,4.03,128
PI257601,2,1,,,,225,15,,
PI251637,2,4,2,2.07,78,165,15,7.356,109
PI197462,2,1,5,2.64,15,155,25,43.333,109
PI194355,2,2,4,1.71,70,110,10,6.599,109
PI148101,4,1,1,,,330,15,15.151,142
PI148086,2,1,,,,,,,
PI147833,2,2,,,,,,,
PI663869,2,3,,,,,,,
PI330271,2,1,,,,,,,
PI533923,2,3,3,3.09,68,120,10,24.383,109
PI533920,2,1,5,1.46,27,80,15,3.298,128
PI533828,2,5,4,2.48,12,130,10,20.396,109
PI533800,5,1,4,2.66,34,110,15,28.808,109
PI533799,2,1,5,2.88,5,75,20,41.682,109
PI533792,2,1,4,1.79,43,,,,
PI534001,2,1,4,2.38,16,115,20,26.588,127
PI514502,2,1,,,,,,,
PI514496,2,3,,,,,,,
PI514485,2,3,,,,,,,
PI514484,2,3,,,,,,,
PI514474,2,3,,,,,,,
PI514472,2,3,,,,,,,
PI514471,2,1,,,,,,,
PI514470,2,2,,,,,,,
PI514467,2,2,,,,,,,
PI514460,2,2,,,,,,,
PI514457,2,2,,,,,,,
PI514456,2,3,,,,,,,
PI514455,2,2,,,,,,,
PI514454,2,4,,,,,,,
PI514453,2,4,,,,,,,
PI514440,2,2,,,,,,,109
PI514437,2,3,,,,,,,
PI514431,,,,,,,,,127
PI514429,,,,,,,,,
PI514415,2,2,,,,,,,
PI514414,2,2,,,,,,,
PI514413,2,2,,,,,,,
PI514412,2,5,2,1.59,44,,,18.26,109
PI514411,2,2,2,2.33,82,,,,
PI514409,2,1,,,,,,17.477,127
PI514406,2,3,,,,,,,
PI514399,2,3,3,2.49,86,220,25,29.268,109
PI514398,2,1,2,1.29,76,,,15.782,109
PI514394,2,4,2,1.27,67,175,25,7.601,109
PI514393,2,1,2,2.22,85,200,20,41.87,109
PI514392,2,1,,,,,,38.102,128
PI514386,2,4,,,,,,,
PI514385,2,2,,,,,,,
PI514365,2,5,,1.36,31,220,25,,
PI514348,2,2,,,,,,,
PI514347,2,4,,,,,,,
PI514338,2,4,,,,,,,
PI514318,2,1,,,,,,,
PI514310,2,1,3,1.18,34,,,15.455,109
PI514308,2,5,2,1.36,49,110,15,,
PI514288,,,,,,,,22.268,109
PI514287,2,1,,,,250,20,,137
PI514286,2,1,,,,,,12.967,109
PI514285,,,,,,,,2.976,142
PI514281,,,,,,,,,
PI514280,,,,,,,,,148
PI514279,,,,,,,,,126
PI669795,,,,,,170,25,,
PI669704,2,1,4,2.26,10,130,20,60.015,109
PI669703,2,1,,,,105,30,6.498,109
PI669702,2,1,3,1.76,34,175,15,,109
PI669699,2,5,3,3.28,74,185,20,17.571,109
PI669698,2,1,4,2.52,76,160,25,28.045,112
PI669639,3,1,,,,80,10,,
PI669638,3,1,3,3.01,76,120,20,,112
PI669637,3,1,4,1.52,28,150,10,38.689,112
PI669636,2,1,4,2.72,43,120,20,,
PI668763,2,2,3,2.55,41,120,15,22.385,112
PI668757,4,1,2,2,78,190,20,14.681,112
PI668726,2,3,3,2.68,72,165,20,30.664,112
PI668723,3,2,3,2.75,66,150,20,16.279,112
PI668717,2,1,3,1.58,43,170,30,11.625,127
PI514531,2,5,,,,,,,
PI514521,2,1,,,,,,67.294,112
PI514519,2,1,,,,,,,
PI514516,2,1,,1.2,46,230,30,,
PI514507,2,1,2,1.37,74,,,24.796,128
PI514506,2,3,,,,,,18.493,112
PI514505,2,1,,,,,,16.041,112
PI665169,2,3,,,,250,20,37.487,127
PI665168,4,3,4,2.13,32,290,20,,
PI665167,2,3,,,,260,20,,112
PI514580,2,4,,,,,,,
PI514578,2,2,,,,,,,
PI514577,2,4,,,,,,,
PI514562,2,3,,,,,,,112
PI514558,2,2,,,,,,,
PI514551,2,2,,,,,,,112
PI514546,2,1,,,,,,,
PI514538,2,2,2,1.14,33,200,25,,
PI514534,2,1,,,,,,,
PI514533,2,1,,,,,,,
PI514605,2,1,5,1.62,14,135,20,10.899,112
PI514603,2,1,,,,,,,
PI514602,,,,,,,,,
PI514601,,,,,,180,25,11.157,112
PI514597,,,,,,,,,
PI514595,,,,,,,,,
PI514589,2,4,,,,,,,
PI514583,2,1,,,,,,,
PI514582,2,2,,,,,,,
PI514581,2,4,,,,,,,
PI533861,2,1,5,1.67,5,75,15,,
PI522145,2,1,,,,,,,
PI514614,2,1,,,,,,,
PI514613,2,2,,,,,,,
PI514612,2,3,,,,,,,112
PI514611,2,2,,,,,,,
PI514610,2,4,,,,,,,
PI514609,2,5,,,,,,43.599,142
PI514608,2,3,,,,,,,
PI514606,2,4,,,,,,,
PI665159,2,1,,,,,,,
PI656032,5,1,2,2.52,72,170,20,28.907,112
PI647797,2,2,,,,,,,
PI647745,2,1,,,,,,,
PI647732,2,1,,,,,,,
PI647721,2,5,,,,,,,
PI576432,2,1,4,0.99,8,90,10,,
PI563485,4,1,4,2.62,9,145,20,17.866,112
PI563484,,,,,,,,,127
PI563482,5,1,1,3.67,51,200,20,7.14,112
RTx2536 (PI656010),2,1,5,2.2,21.43,115,20,16.188,126
BTx623,5,1,3,2.11,49,110,20,4.637,127
PI609251,5,1,2,2.7,86,185,20,23.231,112
SC748,2,1,5,1.97,42,110,15,10.781,112
TAM428,5,1,4,1.31,30,105,20,0.682,128
SC719,5,1,,,,85,10,12.052,112
TX2911(PI607931),,,,,,110,15,41.136,112
QL3 (PI656060),,,,,,,,19.745,112
Theis (PI651497),,,,,,,,,
Brandeis (PI576436),,,,,,,,11.06,128
SC326-6,,,,,,,,19.676,109
SC328C,,,,,,,,40.332,109
SC414-12E,,,,,,,,49.138,109
BTx378,,,,,,,,,148
BTx398,,,,,,,,20.646,112
SC283,,,,,,,,15.572,112
SC112-14,,,,,,,,39.361,112
IS18760,,,,,,,,24.128,112
PI570726,,,,,,,,,
PI569979,,,,,,,,,
PI570841,,,,,,,,8.632,142
PI665166,2,2,3,4.1,89,260,25,,
PI665165,2,2,2.3,3.8,96.3,275,25,1.389,128
PI661148,2,6,3,2.4,92.3,,,3.583,112
PI660638,2,2,2,4.2,95.7,235,25,26.632,128
PI660637,2,2,2,3.2,91,210,20,1.058,
PI644717,2,5,3,2.6,15.7,275,25,,
PI644502,4,5,3,1.4,87.5,205,20,2.773,126
PI576431,2,3,4,1.8,93.3,165,15,10.812,109
PI576381,2,2,4,1.4,34.3,50,30,5.282,112
PI576380,2,1,4,3.4,41.7,135,10,6.954,112
PI576379,2,1,4,1.5,64.3,125,10,9.813,112
PI576377,2,1,4,1.9,73.3,105,15,3.823,112
PI576376,2,4,5,2,30,80,15,4.757,112
PI576375,2,5,5,2.2,27.3,195,25,0.425,128
PI576344,2,1,3,2,92.7,140,15,0.915,112
PI564780,2,1,,,,300,30,,
PI564779,2,2,5,2.1,18.3,130,20,5.051,127
PI564778,2,3,5,1.69,29,240,30,23.606,126
PI564777,2,3,3,2.4,85.7,270,40,,
PI564776,2,1,4,2.6,74.5,200,30,7.018,142
PI534157,2,2,4,2.6,74.3,100,20,13.847,112
PI534152,2,2,4.3,1.3,52.7,130,20,2.352,112
PI534151,2,3,4,1.1,48,110,25,13.741,112
PI534146,2,1,3,2.5,88,125,25,,
PI534131,2,1,3,0.8,40.3,110,40,0.372,128
PI534121,2,2,4,1.8,92,95,10,11.915,112
PI534116,2,4,4,1.5,96,125,30,10.41,112
PI534115,3,2,4,2.7,38.3,110,15,13.126,112
PI533918,2,2,3,2.7,64.3,120,20,22.003,112
PI533903,2,1,4,2,76.7,140,25,8.827,112
PI330821,2,1,,,,,,,
PI330819,2,6,3,2.5,79.7,145,25,24.534,112
PI330764,2,6,,,,,,,
PI330288,2,6,3,2.4,53.7,230,30,10.149,142
PI330261,2,1,3,3.3,86.3,220,10,1.706,127
PI330255,,,,,,,,,
PI330230,2,6,3,2.5,35.5,290,10,4.393,112
PI330004,2,4,,,,,,,
PI330000,2,4,5,3.8,46,350,35,,
PI329968,2,3,3,2.1,91.3,210,30,,
PI329697,2,1,,,,,,,
PI329346,,,,,,,,,
PI329313,2,2,3,0.9,88,250,55,,
PI276832,,,,,,,,,
PI276822,2,3,,,,,,,
PI267655,2,1,,,,300,20,,
PI267624,2,5,3,2.3,80.3,160,20,3.674,112
PI267618,5,6,3,1.4,91.3,160,20,7.9,112
PI267606,2,2,,,,160,10,4.163,112
PI267588,2,6,,,,280,35,,
PI267565,2,1,2,1.8,94.7,240,35,,
PI267557,2,6,3,1,87.7,240,20,1.409,142
PI257601,2,4,,,,,,,
PI251637,2,5,3,1.5,91,215,20,7.225,112
PI197462,2,2,3,2.5,70.7,185,30,24.252,112
PI194355,2,6,4,1.9,97.3,150,25,4.185,112
PI148101,4,1,4,1.4,76.3,280,35,,
PI148086,,,,,,,,,
PI147833,3,2,,,,,,,
PI663869,2,2,,,,,,,
PI330271,2,1,,,,200,30,,
PI533923,2,6,4,2.2,83.7,165,30,4.867,112
PI533920,2,1,5,1.26,69.3,80,15,4.457,112
PI533828,2,6,4,2.1,35.3,150,15,,
PI533800,4,1,3,1.9,66.7,130,15,,
PI533799,2,1,3,2.2,49.7,70,20,,
PI533792,,,,,,,,,
PI534001,2,1,5,0.75,2,90,15,,
PI514502,2,1,,,,,,,
PI514496,2,2,3,1.6,89.7,260,30,,
PI514485,2,2,5,1.8,87.3,260,30,,
PI514484,2,2,,,,,,,
PI514474,2,2,,,,,,,
PI514472,,,,,,,,,
PI514471,2,5,,,,,,,
PI514470,2,4,,,,,,,
PI514467,2,1,,,,,,,
PI514460,2,3,,,,,,,
PI514457,2,5,3,2,90,340,35,,
PI514456,2,5,,,,,,,
PI514455,2,5,3,1.8,88,,,,
PI514454,2,4,,,,,,,
PI514453,2,3,,,,,,,
PI514440,2,5,3,2.8,79,300,60,,
PI514437,2,6,3,1.4,80,295,30,,
PI514431,2,3,3,2.5,91.3,220,35,,
PI514429,2,3,,,,210,,,
PI514415,2,5,,,,,,,
PI514414,2,6,3,1.6,86.7,300,50,,
PI514413,2,4,,,,,,,
PI514412,2,4,3,1.4,74,220,20,,
PI514411,,,,,,,,,
PI514409,2,5,3,2.1,95.3,250,50,,
PI514406,2,3,,,,,,,
PI514399,2,5,3,2,95.7,210,20,,
PI514398,2,3,3,1.6,93.7,260,50,,
PI514394,2,6,3,1.3,77.7,175,30,,
PI514393,2,3,3,2.2,94,220,30,,
PI514392,2,2,3,2.5,96,320,40,,
PI514386,2,4,,,,,,,
PI514385,2,5,,,,,,,
PI514365,,,,,,,,,
PI514348,2,3,,,,,,,
PI514347,2,6,3,2.4,95.7,260,40,,
PI514338,2,4,,,,,,,
PI514318,,,,,,,,,
PI514310,2,6,3,1.4,79.3,160,20,,
PI514308,2,6,3,1.3,44.7,210,35,,
PI514288,2,6,3,3.02,88,240,15,,
PI514287,2,5,3,3.7,53.7,300,20,,
PI514286,2,6,4.3,3.2,46,250,20,,
PI514285,2,6,5,1.9,21.3,270,15,,
PI514281,2,4,,,,,,,
PI514280,2,6,4,1.7,79.3,,,,
PI514279,2,6,3,2.2,57.3,330,30,,
PI669795,,,,,,,,,
PI669704,2,6,3,2.4,94,200,15,,
PI669703,2,5,3,2.4,89.3,150,30,,
PI669702,2,4,3,2.1,79.3,185,20,,
PI669699,2,6,3,2.3,78.7,170,20,,
PI669698,2,4,3,2.2,96.3,190,30,,
PI669639,,,,,,,,,
PI669638,2,6,3,2.7,77.7,145,25,,
PI669637,2,1,3,2.1,76,155,20,,
PI669636,,,,,,,,,
PI668763,2,4,3,2.2,71.7,160,15,,
PI668757,3,4,3,1.6,85.3,170,15,,
PI668726,2,6,3,2.1,79,180,15,,
PI668723,2,6,3,2.3,79.3,170,20,,
PI668717,2,3,3,1.5,89,160,35,,
PI514531,2,6,,,,,,,
PI514521,2,2,3,1.5,91.7,280,40,,
PI514519,2,6,3,2.7,92.7,270,30,,
PI514516,,,,,,,,,
PI514507,2,4,3,2.2,96.3,270,30,,
PI514506,2,5,2,1.4,96.7,240,40,,
PI514505,2,2,2,1.6,87,200,30,,
PI665169,2,4,2,3.7,98.7,210,20,,
PI665168,,,,,,,,,
PI665167,2,4,3,3.2,94.7,210,10,,
PI514580,3,3,,,,,,,
PI514578,2,3,,,,,,,
PI514577,2,5,,,,,,,
PI514562,2,2,3,2.2,83,190,35,,
PI514558,2,3,,,,,,,
PI514551,2,2,2,2.1,92.7,220,40,,
PI514546,2,2,,,,,,,
PI514538,,,,,,,,,
PI514534,2,2,2,0.8,91,,,,
PI514533,2,1,,,,,,,
PI514605,2,5,4,1.9,96.7,110,15,,
PI514603,2,3,,,,,,,
PI514602,2,3,,,,,,,
PI514601,2,6,3,2.3,92.3,130,10,,
PI514597,2,6,,,,,,,
PI514595,2,3,,,,,,,
PI514589,2,5,,,,,,,
PI514583,2,3,2,1.4,99,,,,
PI514582,2,4,,,,,,,
PI514581,2,4,,,,,,,
PI533861,,,,,,,,,
PI522145,2,1,3,1.7,95,280,40,,
PI514614,2,4,3,2.5,87.7,220,30,,
PI514613,2,3,3,1.7,27.7,185,25,,
PI514612,2,3,3,2.7,97.3,270,60,,
PI514611,2,5,3,2.8,87,260,40,,
PI514610,,,,,,,,,
PI514609,2,4,3,2.1,96.3,310,30,,
PI514608,,,,,,,,,
PI514606,2,6,,,,,,,
PI665159,2,1,,,,,,,
PI656032,2,1,3,2,99,190,30,,
PI647797,2,2,,,,,,,
PI647745,2,1,,,,,,,
PI647732,2,1,,,,,,,
PI647721,2,5,,,,,,,
PI576432,2,4,,,,350,30,,
PI563485,2,6,3,2.7,81,200,20,,
PI563484,2,6,4.3,2.5,85,170,25,,
PI563482,2,4,3,2.9,93,160,15,,
RTx2536 (PI656010),2,5,3,1.4,7.7,100,20,,
BTx623,5,1,3,2.5,90,135,15,,
PI609251,5,1,3.7,1.9,95,140,15,,
SC748,2,1,3,2.5,97.7,125,20,,
TAM428,5,1,3,3.3,98.7,155,15,,
SC719,5,2,3,4,87.7,125,20,,
TX2911(PI607931),2,5,3,2.6,94.7,120,20,,
QL3 (PI656060),2,5,3,1.8,61.3,165,30,,
Theis (PI651497),2,5,3.3,1.6,81.7,210,20,,
Brandeis (PI576436),2,1,3,1.5,95.3,170,25,,
SC326-6,2,1,5,1.23,6.7,90,20,,
SC328C,2,1,3,1.8,79,90,15,,
SC414-12E,2,4,3,1.6,41.3,110,25,,
BTx378,2,1,3,2.2,96,340,35,,
BTx398,2,5,3,2.5,89.7,115,20,,
SC283,2,1,3,1.98,94,140,25,,
SC112-14,2,1,3,2.7,64,110,15,,
IS18760,2,5,3,1.9,96,185,25,,
PI570726,2,1,,,,200,10,,
PI569979,2,1,3,1.3,50.7,300,30,,
PI570841,,,,,,,,,
PI665166,2,2,3,3.5,90,270,25,,
PI665165,2,3,3,2.3,96.7,260,25,6.92,128
PI661148,2,6,3,2.2,91.3,,,4.575,112
PI660638,2,3,3,3,94,260,25,19.74,128
PI660637,2,3,3,2.4,97.7,220,25,10.339,
PI644717,2,5,5,2.1,26.7,,,,
PI644502,2,4,3,1.5,92.3,215,20,4.573,126
PI576431,2,5,5,1.5,85.3,130,15,14.778,109
PI576381,2,1,5,1.2,69,90,25,14.527,112
PI576380,2,1,3,3,77.3,145,10,10.213,112
PI576379,2,1,5,1.8,85.3,115,10,8.007,112
PI576377,2,1,3,1.7,83,110,20,1.907,112
PI576376,2,5,4.3,1.4,22.3,90,15,9.364,112
PI576375,2,6,5,2,82.7,130,20,10.728,128
PI576344,2,1,4,1.9,87,120,10,1.671,112
PI564780,2,1,,,,320,40,,
PI564779,2,3,4,2.2,21.3,145,30,7.431,127
PI564778,2,5,5,2.3,43.7,230,25,,126
PI564777,2,5,5,2.3,71,350,35,,
PI564776,2,2,5,0.9,1.3,210,30,9.849,142
PI534157,2,1,3,2.3,86,90,25,14.121,112
PI534152,2,1,4,1.2,56.7,130,25,5.64,112
PI534151,2,6,5,1,11,115,25,25.483,112
PI534146,2,1,3,3.1,73.7,,,,
PI534131,2,1,5,0.5,6,110,30,0.776,128
PI534121,2,1,5,2.2,84.3,95,10,14.356,112
PI534116,2,1,4,1.7,94.3,125,35,11.627,112
PI534115,5,3,3,2.7,21,110,10,4.355,112
PI533918,2,6,4,2.8,67.7,115,20,33.024,112
PI533903,2,1,5,1.9,72.3,150,20,16.389,112
PI330821,2,1,,,,,,,
PI330819,2,5,4,1.9,72,150,20,26.715,112
PI330764,2,4,3,,,,,,
PI330288,3,6,3,2.3,49.3,280,25,9.904,142
PI330261,2,1,3,2.5,82.7,170,10,,127
PI330255,,,,,,,,,
PI330230,2,4,,,,270,10,3.351,112
PI330004,2,3,,,,,,,
PI330000,2,3,,,,280,35,,
PI329968,2,4,,,,200,30,,
PI329697,2,1,,,,,,,
PI329346,,,,,,,,,
PI329313,2,5,3,2,98.7,300,75,,
PI276832,2,1,,,,,,,
PI276822,2,2,,,,,,,
PI267655,2,1,,,,,,,
PI267624,2,4,3,1.9,97.7,110,10,6.973,112
PI267618,5,6,3,1.3,98,150,15,7.279,112
PI267606,2,4,3,3.7,96.3,175,15,7.677,112
PI267588,2,5,5,1.6,0,270,25,,
PI267565,2,5,3,1.6,99.7,235,30,,
PI267557,2,2,3,1.9,80,195,20,2.22,142
PI257601,2,2,4.3,2.3,48.7,,,,
PI251637,2,5,3,1.7,91.3,160,15,6.087,112
PI197462,2,1,5,2.9,90,190,25,31.885,112
PI194355,2,1,4,1.8,97.7,140,15,0.708,112
PI148101,5,1,5,1.2,61,300,25,,
PI148086,3,3,,,,,,,
PI147833,2,1,,,,,,,
PI663869,2,3,,,,,,,
PI330271,,,,,,160,30,,
PI533923,2,6,5,3.2,43.7,165,20,8.935,112
PI533920,2,1,5,1.5,77,60,15,4.521,112
PI533828,2,3,5,2.3,42,160,15,,
PI533800,5,1,5,1,17.7,150,10,,
PI533799,2,3,4,3.1,50.3,80,15,,
PI533792,,,,,,,,,
PI534001,2,1,4,1.5,49,95,20,,
PI514502,2,1,,,,,,,
PI514496,2,3,3,1.8,86.3,,,,
PI514485,2,4,,,,,,,
PI514484,2,4,,,,,,,
PI514474,2,2,3,1.7,83,,,,
PI514472,2,3,,,,,,,
PI514471,2,5,,,,,,,
PI514470,3,5,,,,,,,
PI514467,2,3,,,,,,,
PI514460,2,5,3,2,93,,,,
PI514457,2,5,3,2.3,96.3,300,30,,
PI514456,2,5,3,2,74.7,,,,
PI514455,2,4,,,,,,,
PI514454,2,4,,,,,,,
PI514453,2,4,3,1.6,96.3,,,,
PI514440,2,4,3,2.9,94.7,,,,
PI514437,2,6,3,1.3,97,280,30,,
PI514431,2,5,3,0.7,89,305,30,,
PI514429,2,4,3,2,90,,25,,
PI514415,2,3,,,,,,,
PI514414,2,3,3.3,1.9,97.7,290,50,,
PI514413,2,1,,,,,,,
PI514412,2,6,3,1.7,88.3,260,50,,
PI514411,,,,,,,,,
PI514409,2,6,3,2,93.7,260,35,,
PI514406,2,4,,,,,,,
PI514399,2,5,3,2.3,92.7,195,25,,
PI514398,2,3,3,1.8,98,270,50,,
PI514394,2,6,5,1.3,37,180,25,,
PI514393,2,5,3,2.9,84,190,30,,
PI514392,2,3,3,2.3,95.7,280,45,,
PI514386,2,5,3,2.2,71.7,,,,
PI514385,2,6,,,,,,,
PI514365,,,,,,,,,
PI514348,2,4,3,2,84.7,,,,
PI514347,2,5,3,1.9,96.7,270,60,,
PI514338,2,5,4,1.9,97,,,,
PI514318,,,,,,,,,
PI514310,2,6,5,1.3,,160,20,,
PI514308,2,6,3.7,1.2,69,200,30,,
PI514288,2,6,3,3,78.3,220,20,,
PI514287,2,4,3,2.4,76.3,260,15,,
PI514286,2,5,5,3.6,72.7,240,25,,
PI514285,2,6,,,,270,20,,
PI514281,2,5,,,,,,,
PI514280,2,4,3,2.8,72.3,,,,
PI514279,2,4,,,,210,20,,
PI669795,,,,,,,,,
PI669704,2,6,3,2.4,93,200,30,,
PI669703,2,6,3,2.4,93,145,20,,
PI669702,2,1,3,2,88.7,140,20,,
PI669699,2,5,3.7,2.6,79.3,170,20,,
PI669698,2,1,4,2.1,89.7,180,30,,
PI669639,,,,,,,,,
PI669638,2,2,3,2.9,85,,,,
PI669637,2,1,5,2.2,87.3,160,20,,
PI669636,,,,,,,,,
PI668763,2,2,3,1.9,81.3,190,20,,
PI668757,2,6,4,1.6,98.3,170,15,,
PI668726,2,2,3,2.3,65,170,15,,
PI668723,2,6,3,2,68.3,170,15,,
PI668717,2,1,3,1.3,85.3,185,25,,
PI514531,2,4,,,,,,,
PI514521,2,4,3,1.8,97,260,45,,
PI514519,2,5,3,2,66.7,280,50,,
PI514516,,,,,,,,,
PI514507,2,2,3,1.6,98.3,280,30,,
PI514506,2,1,3,1.2,97,210,45,,
PI514505,2,2,3,1.8,86.7,170,30,,
PI665169,2,4,3,3.6,97,200,25,,
PI665168,,,,,,,,,
PI665167,2,6,3,3.2,80.3,210,20,,
PI514580,2,2,,,,,,,
PI514578,2,4,,,,,,,
PI514577,2,5,,,,,,,
PI514562,2,4,3,2.6,76.3,200,40,,
PI514558,2,3,,,,,,,
PI514551,2,6,3,2.8,74.7,235,50,,
PI514546,2,2,,,,,,,
PI514538,,,,,,,,,
PI514534,2,1,3,1.6,89.7,,,,
PI514533,2,2,,,,,,,
PI514605,2,2,5,2.4,56.7,110,15,,
PI514603,2,1,,,,,,,
PI514602,2,4,,,,,,,
PI514601,2,4,4,2.8,90.7,130,20,,
PI514597,2,5,,,,,,,
PI514595,2,2,,,,,,,
PI514589,2,1,,,,,,,
PI514583,2,1,3,1.7,99.7,,,,
PI514582,2,2,,,,,,,
PI514581,2,2,,,,,,,
PI533861,,,,,,,,,
PI522145,2,3,,,,,,,
PI514614,2,2,3,2.4,86.3,,,,
PI514613,2,2,3,1.6,25.7,,,,
PI514612,2,4,3,2.6,97.7,,40,,
PI514611,2,4,3,2,97.3,270,50,,
PI514610,2,2,,,,,,,
PI514609,2,1,,,,320,40,,
PI514608,2,5,,,,,,,
PI514606,2,3,3,2,75.7,,,,
PI665159,2,1,,,,,,,
PI656032,2,1,3,1.8,98,160,30,,
PI647797,2,3,,,,,,,
PI647745,2,5,,,,,,,
PI647732,2,3,,,,,,,
PI647721,2,4,,,,,,,
PI576432,2,6,,,,250,30,,
PI563485,2,4,4,,,150,25,,
PI563484,2,6,4,2.6,69,160,20,,
PI563482,2,1,3,3.2,77,155,15,,
RTx2536 (PI656010),2,5,4,2,65.7,110,30,,
BTx623,5,1,3,1.7,77.7,130,15,,
PI609251,5,4,3,2,86.3,170,15,,
SC748,2,1,4,2.1,92.3,125,15,,
TAM428,5,1,4,2.3,82,140,15,,
SC719,5,2,4,4.6,81.3,115,20,,
TX2911(PI607931),3,3,3,2.2,95,115,20,,
QL3 (PI656060),2,5,3,2.4,88.7,165,20,,
Theis (PI651497),3,3,3,2,96,185,15,,
Brandeis (PI576436),2,1,3,1.3,88.3,145,15,,
SC326-6,2,1,4,1.4,90,105,20,,
SC328C,2,1,3,1.7,72.3,90,15,,
SC414-12E,2,1,5,2.1,41.3,110,20,,
BTx378,2,2,4,2.9,79,,,,
BTx398,2,5,3,2.9,94.3,120,15,,
SC283,2,1,3,2.5,86.3,135,25,,
SC112-14,2,1,3,2.9,70,110,10,,
IS18760,2,3,3,2.4,98.3,200,20,,
PI570726,,,,,,170,15,,
PI569979,,,3,2.2,95.7,220,35,,
PI570841,,,,,,,,,
PI665166,2,4,3,3.7,91.7,250,20,,
PI665165,2,4,3,4.1,86.7,260,25,,128
PI661148,2,5,3,2.8,86.7,,,8.224,112
PI660638,2,4,3,3.3,85.3,250,25,14.252,128
PI660637,2,1,3,2.7,97.3,225,20,,
PI644717,2,4,5,1.8,68.3,,,,
PI644502,2,3,3,1.1,76.7,230,20,21.332,126
PI576431,2,4,5,1.2,62.7,195,20,15.713,109
PI576381,2,1,5,1.2,52.7,80,30,10.998,112
PI576380,2,1,4,2.7,46.7,125,20,18.189,112
PI576379,2,1,5,1.7,75.3,115,15,11.352,112
PI576377,2,1,4,1.5,77.7,105,15,6.806,112
PI576376,2,1,5,1.7,33.7,80,20,18.275,112
PI576375,2,6,5,2,37.7,160,30,9.945,128
PI576344,2,1,4,2.3,78,120,25,2.082,112
PI564780,2,3,,,,,,,
PI564779,2,2,5,2.1,65,130,40,9.975,127
PI564778,2,4,5,2.3,36,200,35,,126
PI564777,2,4,4,2,100,,,,
PI564776,2,1,5,2.2,71.7,210,30,46.966,142
PI534157,3,1,3,2.5,92.3,85,30,28.014,112
PI534152,2,2,4,1.6,92,130,25,4.862,112
PI534151,2,2,5,1.1,46.7,95,20,27.014,112
PI534146,2,1,3,3.1,83.7,,,,
PI534131,2,1,5,1.3,41.3,120,30,1.034,128
PI534121,2,1,4,1.9,85,95,15,11.211,112
PI534116,2,1,3,1.5,96,120,30,11.669,112
PI534115,5,5,4,3.6,65.7,110,15,11.976,112
PI533918,2,5,3,2.8,82,115,15,16.321,112
PI533903,2,1,3,1.5,90.3,140,30,24.169,112
PI330821,2,1,,,,,,,
PI330819,2,4,4,1.5,59.7,165,20,27.114,112
PI330764,2,6,,,,,,,
PI330288,2,3,,,,,,,142
PI330261,2,1,4,2.5,62,170,10,,127
PI330255,,,,,,,,,
PI330230,2,5,3,2,69,320,15,3.427,112
PI330004,2,1,,,,,,,
PI330000,2,2,,,,260,35,,
PI329968,2,5,,,,,,,
PI329697,2,1,,,,,,,
PI329346,,,,,,,,,
PI329313,2,4,,,,270,45,,
PI276832,2,1,,,,,,,
PI276822,2,1,,,,,,,
PI267655,2,1,,,,,,,
PI267624,2,1,3,2.7,55,110,20,,112
PI267618,2,4,3,1.6,98.3,150,15,12.708,112
PI267606,2,5,4,3.6,69.7,175,15,4.334,112
PI267588,2,6,4,2.5,58,270,20,,
PI267565,2,1,3,1.3,73.3,245,35,,
PI267557,2,5,4,1,83,230,20,4.36,142
PI257601,2,2,,,,,,,
PI251637,2,5,4,1.4,74.3,160,15,8.392,112
PI197462,2,1,5,3.4,83.3,195,40,24.687,112
PI194355,2,6,4,2.1,78.3,160,15,3.527,112
PI148101,5,1,,,,340,20,,
PI148086,2,4,,,,,,,
PI147833,2,4,,,,,,,
PI663869,2,4,,,,,,,
PI330271,,,,,,170,35,,
PI533923,2,5,5,3,77.7,160,25,14.635,112
PI533920,2,1,5,0.9,28.3,100,20,5.011,112
PI533828,2,2,5,2.1,24.7,130,15,,
PI533800,2,1,4,2.2,68.7,150,10,,
PI533799,2,1,4,3.4,47.3,80,15,,
PI533792,,,,,,,,,
PI534001,2,1,4,1,28.3,100,20,,
PI514502,2,1,,,,,,,
PI514496,2,1,3,1.5,86.7,,,,
PI514485,2,4,,,,,,,
PI514484,2,4,,,,,,,
PI514474,2,4,2,1.2,97,,,,
PI514472,2,4,,,,,,,
PI514471,2,3,,,,,,,
PI514470,2,2,,,,,,,
PI514467,2,3,,,,,,,
PI514460,2,4,,,,,,,
PI514457,2,5,,,,,,,
PI514456,2,5,,,,,,,
PI514455,,,,,,,,,
PI514454,2,6,,,,,,,
PI514453,,,,,,,,,
PI514440,2,6,3,2.7,99.7,,,,
PI514437,2,6,3,0.9,84.3,220,30,,
PI514431,2,6,3,2.1,95.3,270,35,,
PI514429,2,4,3,2.4,98.3,,,,
PI514415,2,3,,,,,,,
PI514414,2,4,3,1.6,96.3,280,20,,
PI514413,2,4,,,,,,,
PI514412,2,6,3,1.4,94,215,35,,
PI514411,,,,,,,,,
PI514409,2,4,5,1.6,94.3,260,35,,
PI514406,2,5,3,2.7,94.7,,,,
PI514399,2,4,4,2.2,87.7,175,30,,
PI514398,2,1,3,1.6,90.3,260,50,,
PI514394,2,6,5,1.3,55.3,170,30,,
PI514393,2,1,3,2.6,91,210,40,,
PI514392,2,1,3,1.9,93.3,290,40,,
PI514386,2,5,,,,,,,
PI514385,2,6,,,,,,,
PI514365,,,,,,,,,
PI514348,2,3,3,1.7,96.7,,,,
PI514347,2,6,3,1.7,96.7,260,45,,
PI514338,2,2,,,,,,,
PI514318,,,,,,,,,
PI514310,2,5,5,1.1,47.3,160,25,,
PI514308,2,6,3,1,83.7,210,30,,
PI514288,2,6,4,2.4,82,210,20,,
PI514287,2,4,5,2,30.7,300,25,,
PI514286,2,6,4.7,2.5,78,290,25,,
PI514285,2,6,5,1.5,21.3,280,15,,
PI514281,2,3,3,1.7,94.7,,,,
PI514280,2,4,3,2.4,88,,,,
PI514279,2,5,3,3.1,53,210,15,,
PI669795,,,,,,,,,
PI669704,2,5,3,2.1,88.3,210,20,,
PI669703,2,5,3,2.1,77.7,145,30,,
PI669702,2,5,3,1.8,93.7,200,15,,
PI669699,2,6,5,2.1,82.7,190,15,,
PI669698,2,6,3,2,97,175,25,,
PI669639,,,,,,,,,
PI669638,2,2,3,2.1,83.3,,,,
PI669637,2,2,5,1.3,93,160,20,,
PI669636,,,,,,,,,
PI668763,2,6,3,2.1,96,185,20,,
PI668757,2,6,4,1.6,98.3,160,15,,
PI668726,2,5,3,2.3,93,175,20,,
PI668723,2,5,3,2.1,84,170,20,,
PI668717,2,1,3,1.3,89.3,170,35,,
PI514531,2,6,,,,,,,
PI514521,,,,,,270,40,,
PI514519,2,5,,,,250,50,,
PI514516,,,,,,,,,
PI514507,2,2,3,2.6,89,270,40,,
PI514506,2,1,2,1.1,95.7,230,35,,
PI514505,2,2,3,1.5,76.3,220,25,,
PI665169,2,4,4.3,4.1,89,210,25,,
PI665168,,,,,,,,,
PI665167,2,4,3,3.7,89.7,195,15,,
PI514580,2,4,,,,,,,
PI514578,2,3,,,,,,,
PI514577,2,4,,,,,,,
PI514562,2,5,3,2.4,75.7,200,35,,
PI514558,2,4,,,,,,,
PI514551,2,4,3,2,82,240,50,,
PI514546,2,3,,,,,,,
PI514538,,,,,,,,,
PI514534,2,1,2,1.1,72.7,,,,
PI514533,2,1,,,,,,,
PI514605,2,4,5,2,82.7,115,15,,
PI514603,2,1,,,,,,,
PI514602,2,3,,,,,,,
PI514601,2,2,4.3,2.5,88.3,150,20,,
PI514597,2,4,2,1.4,76.3,,,,
PI514595,2,1,,,,,,,
PI514589,2,3,,,,,,,
PI514583,2,1,3,1.3,89.3,,,,
PI514582,2,3,,,,,,,
PI514581,2,3,,,,,,,
PI533861,,,,,,,,,
PI522145,2,1,,,,,,,
PI514614,2,1,5,2.5,92,,,,
PI514613,2,4,3,2.6,96,,,,
PI514612,2,5,3,2.3,87.7,320,,,
PI514611,2,5,3,2.1,85.3,,,,
PI514610,2,4,,,,,,,
PI514609,2,5,,,,300,30,,
PI514608,2,4,,,,,,,
PI514606,2,4,2,1.7,91,,,,
PI665159,2,1,,,,,,,
PI656032,2,3,3,2,95.7,200,30,,
PI647797,2,1,,,,,,,
PI647745,2,4,,,,,,,
PI647732,2,2,,,,,,,
PI647721,2,5,,,,,,,
PI576432,2,6,,,,350,20,,
PI563485,2,4,4,2.2,69.7,170,30,,
PI563484,,,,,,210,25,,
PI563482,2,4,3,2.4,93.3,185,20,,
RTx2536 (PI656010),2,5,5,0.9,6.7,110,25,,
BTx623,5,1,4,1.6,56.7,140,20,,
PI609251,5,1,3,2,72,170,20,,
SC748,2,1,5,1.6,72.7,125,15,,
TAM428,3,1,4,2,38,110,25,,
SC719,5,1,3,2.3,91,120,20,,
TX2911(PI607931),,,,,,115,25,,
QL3 (PI656060),2,6,3,1.9,89,170,20,,
Theis (PI651497),2,4,3,2.1,94.7,205,20,,
Brandeis (PI576436),2,1,3,1.6,86.3,145,15,,
SC326-6,2,1,5,1.3,65,85,20,,
SC328C,2,1,5,0.3,2.3,100,10,,
SC414-12E,2,3,5,1.8,68.7,115,25,,
BTx378,2,3,3,2.3,59.3,,,,
BTx398,2,4,4,2.5,95,160,15,,
SC283,2,1,3,1.9,87,145,30,,
SC112-14,2,1,4,3,83,100,10,,
IS18760,2,5,3.3,2.3,98.3,210,20,,
PI570726,,,,,,170,15,,
PI569979,,,3,2,86,280,30,,
PI570841,,,,,,,,,
PI665166,,,,,,175,15,,
PI665165,,,,,,200,15,,
PI661148,,,,,,115,15,,
PI660638,,,,,,215,20,,
PI660637,,,,,,175,20,,
PI644717,,,,,,265,15,,
PI644502,,,,,,145,20,,
PI576431,,,,,,100,25,2.149,112
PI576381,,,,,,90,20,,
PI576380,,,,,,115,20,,
PI576379,,,,,,120,20,,
PI576377,,,,,,110,20,,
PI576376,,,,,,80,25,,
PI576375,,,,,,150,20,,
PI576344,,,,,,125,20,,
PI564780,,,,,,,,,
PI564779,,,,,,135,20,,
PI564778,,,,,,220,20,,
PI564777,,,,,,200,20,,
PI564776,,,,,,170,30,,
PI534157,,,,,,90,30,,
PI534152,,,,,,130,30,,
PI534151,,,,,,100,30,,
PI534146,,,,,,130,20,,
PI534131,,,,,,125,20,,
PI534121,,,,,,120,15,,
PI534116,,,,,,140,30,,
PI534115,,,,,,100,15,,
PI533918,,,,,,120,20,,
PI533903,,,,,,180,30,,
PI330821,,,,,,,,,
PI330819,,,,,,190,25,,
PI330764,,,,,,,,,
PI330288,,,,,,150,20,,
PI330261,,,,,,210,20,,
PI330255,,,,,,,,,
PI330230,,,,,,,,,
PI330004,,,,,,,,,
PI330000,,,,,,,,,
PI329968,,,,,,,,,
PI329697,,,,,,,,,
PI329346,,,,,,,,,
PI329313,,,,,,220,30,,
PI276832,,,,,,,,,
PI276822,,,,,,,,,
PI267655,,,,,,,,,
PI267624,,,,,,85,15,,
PI267618,,,,,,150,15,,
PI267606,,,,,,125,15,,
PI267588,,,,,,115,10,,
PI267565,,,,,,180,20,,
PI267557,,,,,,160,40,,
PI257601,,,,,,160,20,,
PI251637,,,,,,125,10,,
PI197462,,,,,,190,35,,
PI194355,,,,,,100,10,,
PI148101,,,,,,235,20,,
PI148086,,,,,,,,,
PI147833,,,,,,,,,
PI663869,,,,,,,,,
PI330271,,,,,,,,,
PI533923,,,,,,145,15,,
PI533920,,,,,,100,25,,
PI533828,,,,,,140,10,,
PI533800,,,,,,90,20,,
PI533799,,,,,,80,15,,
PI533792,,,,,,,,,
PI534001,,,,,,95,25,,
PI514502,,,,,,,,,
PI514496,,,,,,220,35,,
PI514485,,,,,,,,,
PI514484,,,,,,,,,
PI514474,,,,,,255,35,,
PI514472,,,,,,,,,
PI514471,,,,,,,,,
PI514470,,,,,,,,,
PI514467,,,,,,,,,
PI514460,,,,,,200,30,,
PI514457,,,,,,220,,,
PI514456,,,,,,190,60,,
PI514455,,,,,,,,,
PI514454,,,,,,190,,,
PI514453,,,,,,230,25,,
PI514440,,,,,,250,45,,
PI514437,,,,,,190,30,,
PI514431,,,,,,165,25,,
PI514429,,,,,,200,30,,
PI514415,,,,,,,,,
PI514414,,,,,,225,70,,
PI514413,,,,,,,,,
PI514412,,,,,,190,35,,
PI514411,,,,,,,,,
PI514409,,,,,,200,40,,
PI514406,,,,,,,,,
PI514399,,,,,,210,40,,
PI514398,,,,,,150,30,,
PI514394,,,,,,140,20,,
PI514393,,,,,,160,25,,
PI514392,,,,,,240,45,,
PI514386,,,,,,245,50,,
PI514385,,,,,,,,,
PI514365,,,,,,,,,
PI514348,,,,,,200,40,,
PI514347,,,,,,280,50,,
PI514338,,,,,,330,50,,
PI514318,,,,,,,,,
PI514310,,,,,,150,35,,
PI514308,,,,,,170,30,,
PI514288,,,,,,200,25,,
PI514287,,,,,,190,20,,
PI514286,,,,,,190,20,,
PI514285,,,,,,,,,
PI514281,,,,,,,,,
PI514280,,,,,,260,15,,
PI514279,,,,,,,,,
PI669795,,,,,,,,,
PI669704,,,,,,175,20,,
PI669703,,,,,,120,20,,
PI669702,,,,,,150,20,,
PI669699,,,,,,160,20,,
PI669698,,,,,,170,25,,
PI669639,,,,,,,,,
PI669638,,,,,,175,20,,
PI669637,,,,,,150,20,,
PI669636,,,,,,,,,
PI668763,,,,,,170,30,,
PI668757,,,,,,185,15,,
PI668726,,,,,,200,25,,
PI668723,,,,,,165,25,,
PI668717,,,,,,140,30,,
PI514531,,,,,,,,,
PI514521,,,,,,160,45,,
PI514519,,,,,,165,40,,
PI514516,,,,,,,,,
PI514507,,,,,,190,40,,
PI514506,,,,,,160,50,,
PI514505,,,,,,190,50,,
PI665169,,,,,,170,20,,
PI665168,,,,,,,,,
PI665167,,,,,,165,20,,
PI514580,,,,,,,,,
PI514578,,,,,,,,,
PI514577,,,,,,,,,
PI514562,,,,,,210,35,,
PI514558,,,,,,,,,
PI514551,,,,,,255,40,,
PI514546,,,,,,,,,
PI514538,,,,,,,,,
PI514534,,,,,,145,30,,
PI514533,,,,,,,,,
PI514605,,,,,,115,20,,
PI514603,,,,,,,,,
PI514602,,,,,,,,,
PI514601,,,,,,125,25,,
PI514597,,,,,,,,,
PI514595,,,,,,,,,
PI514589,,,,,,,,,
PI514583,,,,,,180,35,,
PI514582,,,,,,,,,
PI514581,,,,,,,,,
PI533861,,,,,,,,,
PI522145,,,,,,,,,
PI514614,,,,,,200,40,,
PI514613,,,,,,140,,,
PI514612,,,,,,240,40,,
PI514611,,,,,,250,50,,
PI514610,,,,,,,,,
PI514609,,,,,,,,,
PI514608,,,,,,220,60,,
PI514606,,,,,,270,50,,
PI665159,,,,,,,,,
PI656032,,,,,,220,20,,
PI647797,,,,,,,,,
PI647745,,,,,,,,,
PI647732,,,,,,,,,
PI647721,,,,,,,,,
PI576432,,,,,,300,40,,
PI563485,,,,,,190,25,,
PI563484,,,,,,140,20,,
PI563482,,,,,,145,10,,
RTx2536 (PI656010),,,,,,115,20,,
BTx623,,,,,,130,20,,
PI609251,,,,,,150,35,,
SC748,,,,,,115,15,,
TAM428,,,,,,70,15,,
SC719,,,,,,120,20,,
TX2911(PI607931),,,,,,130,30,,
QL3 (PI656060),,,,,,165,25,,
Theis (PI651497),,,,,,120,15,,
Brandeis (PI576436),,,,,,130,25,,
SC326-6,,,,,,95,30,,
SC328C,,,,,,110,20,,
SC414-12E,,,,,,120,25,,
BTx378,,,,,,150,20,,
BTx398,,,,,,140,30,,
SC283,,,,,,130,30,,
SC112-14,,,,,,110,20,,
IS18760,,,,,,225,35,,
PI570726,,,,,,,,,
PI569979,,,,,,,,,
PI570841,,,,,,,,,
PI665166,,,,,,180,15,,
PI665165,,,,,,180,20,,
PI661148,,,,,,110,20,,
PI660638,,,,,,230,15,,
PI660637,,,,,,170,20,,
PI644717,,,,,,,,,
PI644502,,,,,,130,20,,
PI576431,,,,,,130,20,7.801,112
PI576381,,,,,,70,20,,
PI576380,,,,,,120,10,,
PI576379,,,,,,120,15,,
PI576377,,,,,,100,20,,
PI576376,,,,,,75,25,,
PI576375,,,,,,140,20,,
PI576344,,,,,,140,20,,
PI564780,,,,,,,,,
PI564779,,,,,,140,25,,
PI564778,,,,,,220,30,,
PI564777,,,,,,200,20,,
PI564776,,,,,,175,30,,
PI534157,,,,,,110,30,,
PI534152,,,,,,150,35,,
PI534151,,,,,,110,30,,
PI534146,,,,,,120,20,,
PI534131,,,,,,100,30,,
PI534121,,,,,,150,20,,
PI534116,,,,,,120,30,,
PI534115,,,,,,110,15,,
PI533918,,,,,,120,20,,
PI533903,,,,,,170,25,,
PI330821,,,,,,,,,
PI330819,,,,,,180,25,,
PI330764,,,,,,,,,
PI330288,,,,,,150,15,,
PI330261,,,,,,260,15,,
PI330255,,,,,,,,,
PI330230,,,,,,,,,
PI330004,,,,,,,,,
PI330000,,,,,,,,,
PI329968,,,,,,,,,
PI329697,,,,,,,,,
PI329346,,,,,,,,,
PI329313,,,,,,,,,
PI276832,,,,,,,,,
PI276822,,,,,,,,,
PI267655,,,,,,,,,
PI267624,,,,,,90,10,,
PI267618,,,,,,130,15,,
PI267606,,,,,,125,15,,
PI267588,,,,,,140,10,,
PI267565,,,,,,205,20,,
PI267557,,,,,,170,30,,
PI257601,,,,,,,,,
PI251637,,,,,,135,10,,
PI197462,,,,,,190,35,,
PI194355,,,,,,120,10,,
PI148101,,,,,,230,15,,
PI148086,,,,,,,,,
PI147833,,,,,,,,,
PI663869,,,,,,,,,
PI330271,,,,,,,,,
PI533923,,,,,,135,15,,
PI533920,,,,,,85,20,,
PI533828,,,,,,130,20,,
PI533800,,,,,,90,20,,
PI533799,,,,,,90,15,,
PI533792,,,,,,,,,
PI534001,,,,,,110,20,,
PI514502,,,,,,,,,
PI514496,,,,,,220,30,,
PI514485,,,,,,,,,
PI514484,,,,,,,,,
PI514474,,,,,,250,40,,
PI514472,,,,,,,,,
PI514471,,,,,,,,,
PI514470,,,,,,,,,
PI514467,,,,,,,,,
PI514460,,,,,,215,35,,
PI514457,,,,,,,30,,
PI514456,,,,,,300,50,,
PI514455,,,,,,,,,
PI514454,,,,,,,30,,
PI514453,,,,,,210,25,,
PI514440,,,,,,260,65,,
PI514437,,,,,,240,30,,
PI514431,,,,,,160,30,,
PI514429,,,,,,210,40,,
PI514415,,,,,,,,,
PI514414,,,,,,270,35,,
PI514413,,,,,,,,,
PI514412,,,,,,170,35,,
PI514411,,,,,,,,,
PI514409,,,,,,200,40,,
PI514406,,,,,,,,,
PI514399,,,,,,170,35,,
PI514398,,,,,,170,40,,
PI514394,,,,,,150,25,,
PI514393,,,,,,145,30,,
PI514392,,,,,,190,55,,
PI514386,,,,,,,,,
PI514385,,,,,,,,,
PI514365,,,,,,,,,
PI514348,,,,,,260,40,,
PI514347,,,,,,300,55,,
PI514338,,,,,,290,50,,
PI514318,,,,,,,,,
PI514310,,,,,,185,35,,
PI514308,,,,,,125,20,,
PI514288,,,,,,220,25,,
PI514287,,,,,,200,25,,
PI514286,,,,,,175,20,,
PI514285,,,,,,,,,
PI514281,,,,,,,,,
PI514280,,,,,,265,15,,
PI514279,,,,,,,,,
PI669795,,,,,,,,,
PI669704,,,,,,150,20,,
PI669703,,,,,,150,20,,
PI669702,,,,,,140,20,,
PI669699,,,,,,150,20,,
PI669698,,,,,,160,25,,
PI669639,,,,,,,,,
PI669638,,,,,,155,25,,
PI669637,,,,,,155,20,,
PI669636,,,,,,,,,
PI668763,,,,,,165,35,,
PI668757,,,,,,190,25,,
PI668726,,,,,,200,30,,
PI668723,,,,,,185,25,,
PI668717,,,,,,150,25,,
PI514531,,,,,,,,,
PI514521,,,,,,200,40,,
PI514519,,,,,,210,50,,
PI514516,,,,,,,,,
PI514507,,,,,,190,30,,
PI514506,,,,,,200,25,,
PI514505,,,,,,220,40,,
PI665169,,,,,,185,20,,
PI665168,,,,,,,,,
PI665167,,,,,,145,15,,
PI514580,,,,,,,,,
PI514578,,,,,,,,,
PI514577,,,,,,,,,
PI514562,,,,,,210,50,,
PI514558,,,,,,,,,
PI514551,,,,,,250,45,,
PI514546,,,,,,,,,
PI514538,,,,,,,,,
PI514534,,,,,,190,45,,
PI514533,,,,,,,,,
PI514605,,,,,,115,20,,
PI514603,,,,,,,,,
PI514602,,,,,,,,,
PI514601,,,,,,120,20,,
PI514597,,,,,,,,,
PI514595,,,,,,,,,
PI514589,,,,,,,,,
PI514583,,,,,,160,30,,
PI514582,,,,,,,,,
PI514581,,,,,,,,,
PI533861,,,,,,,,,
PI522145,,,,,,,,,
PI514614,,,,,,200,50,,
PI514613,,,,,,,40,,
PI514612,,,,,,250,50,,
PI514611,,,,,,210,30,,
PI514610,,,,,,,,,
PI514609,,,,,,,,,
PI514608,,,,,,,,,
PI514606,,,,,,,,,
PI665159,,,,,,,,,
PI656032,,,,,,190,35,,
PI647797,,,,,,,,,
PI647745,,,,,,,,,
PI647732,,,,,,,,,
PI647721,,,,,,,,,
PI576432,,,,,,300,35,,
PI563485,,,,,,160,30,,
PI563484,,,,,,145,20,,
PI563482,,,,,,135,10,,
RTx2536 (PI656010),,,,,,120,25,,
BTx623,,,,,,145,20,,
PI609251,,,,,,170,30,,
SC748,,,,,,120,20,,
TAM428,,,,,,85,10,,
SC719,,,,,,115,20,,
TX2911(PI607931),,,,,,125,20,,
QL3 (PI656060),,,,,,160,30,,
Theis (PI651497),,,,,,185,25,,
Brandeis (PI576436),,,,,,130,25,,
SC326-6,,,,,,95,30,,
SC328C,,,,,,100,20,,
SC414-12E,,,,,,110,30,,
BTx378,,,,,,150,20,,
BTx398,,,,,,130,35,,
SC283,,,,,,135,25,,
SC112-14,,,,,,100,15,,
IS18760,,,,,,220,30,,
PI570726,,,,,,,,,
PI569979,,,,,,,,,
PI570841,,,,,,,,,
PI665166,,,,,,170,20,,
PI665165,,,,,,170,15,,
PI661148,,,,,,110,20,,
PI660638,,,,,,210,30,,
PI660637,,,,,,160,20,,
PI644717,,,,,,,,,
PI644502,,,,,,130,20,,
PI576431,,,,,,120,20,1.971,112
PI576381,,,,,,70,15,,
PI576380,,,,,,130,10,,
PI576379,,,,,,120,25,,
PI576377,,,,,,100,25,,
PI576376,,,,,,80,20,,
PI576375,,,,,,140,25,,
PI576344,,,,,,120,30,,
PI564780,,,,,,,,,
PI564779,,,,,,145,25,,
PI564778,,,,,,200,25,,
PI564777,,,,,,190,30,,
PI564776,,,,,,210,25,,
PI534157,,,,,,110,30,,
PI534152,,,,,,130,30,,
PI534151,,,,,,110,25,,
PI534146,,,,,,125,30,,
PI534131,,,,,,90,30,,
PI534121,,,,,,175,20,,
PI534116,,,,,,130,35,,
PI534115,,,,,,110,20,,
PI533918,,,,,,110,15,,
PI533903,,,,,,160,30,,
PI330821,,,,,,,,,
PI330819,,,,,,170,30,,
PI330764,,,,,,,,,
PI330288,,,,,,160,20,,
PI330261,,,,,,280,30,,
PI330255,,,,,,,,,
PI330230,,,,,,,,,
PI330004,,,,,,,,,
PI330000,,,,,,,,,
PI329968,,,,,,,,,
PI329697,,,,,,,,,
PI329346,,,,,,,,,
PI329313,,,,,,,,,
PI276832,,,,,,,,,
PI276822,,,,,,,,,
PI267655,,,,,,,,,
PI267624,,,,,,90,20,,
PI267618,,,,,,130,20,,
PI267606,,,,,,120,15,,
PI267588,,,,,,,,,
PI267565,,,,,,205,30,,
PI267557,,,,,,190,30,,
PI257601,,,,,,,,,
PI251637,,,,,,130,10,,
PI197462,,,,,,210,35,,
PI194355,,,,,,80,10,,
PI148101,,,,,,240,15,,
PI148086,,,,,,,,,
PI147833,,,,,,,,,
PI663869,,,,,,,,,
PI330271,,,,,,,,,
PI533923,,,,,,135,15,,
PI533920,,,,,,90,25,,
PI533828,,,,,,120,20,,
PI533800,,,,,,95,20,,
PI533799,,,,,,90,15,,
PI533792,,,,,,,,,
PI534001,,,,,,100,20,,
PI514502,,,,,,,,,
PI514496,,,,,,240,25,,
PI514485,,,,,,,,,
PI514484,,,,,,,,,
PI514474,,,,,,225,30,,
PI514472,,,,,,,,,
PI514471,,,,,,,,,
PI514470,,,,,,,,,
PI514467,,,,,,,,,
PI514460,,,,,,210,35,,
PI514457,,,,,,,,,
PI514456,,,,,,280,25,,
PI514455,,,,,,,,,
PI514454,,,,,,,,,
PI514453,,,,,,145,30,,
PI514440,,,,,,240,40,,
PI514437,,,,,,,,,
PI514431,,,,,,150,40,,
PI514429,,,,,,130,55,,
PI514415,,,,,,,,,
PI514414,,,,,,235,45,,
PI514413,,,,,,,,,
PI514412,,,,,,170,35,,
PI514411,,,,,,,,,
PI514409,,,,,,210,45,,
PI514406,,,,,,,,,
PI514399,,,,,,180,35,,
PI514398,,,,,,160,30,,
PI514394,,,,,,140,20,,
PI514393,,,,,,150,30,,
PI514392,,,,,,250,35,,
PI514386,,,,,,,,,
PI514385,,,,,,,,,
PI514365,,,,,,,,,
PI514348,,,,,,240,65,,
PI514347,,,,,,270,50,,
PI514338,,,,,,300,55,,
PI514318,,,,,,,,,
PI514310,,,,,,190,35,,
PI514308,,,,,,160,25,,
PI514288,,,,,,210,25,,
PI514287,,,,,,200,20,,
PI514286,,,,,,190,20,,
PI514285,,,,,,,,,
PI514281,,,,,,,,,
PI514280,,,,,,180,20,,
PI514279,,,,,,,,,
PI669795,,,,,,,,,
PI669704,,,,,,160,20,,
PI669703,,,,,,150,25,,
PI669702,,,,,,150,20,,
PI669699,,,,,,160,25,,
PI669698,,,,,,160,30,,
PI669639,,,,,,,,,
PI669638,,,,,,160,25,,
PI669637,,,,,,140,20,,
PI669636,,,,,,,,,
PI668763,,,,,,155,35,,
PI668757,,,,,,175,25,,
PI668726,,,,,,160,35,,
PI668723,,,,,,170,25,,
PI668717,,,,,,150,25,,
PI514531,,,,,,,,,
PI514521,,,,,,200,35,,
PI514519,,,,,,230,45,,
PI514516,,,,,,,,,
PI514507,,,,,,210,35,,
PI514506,,,,,,235,30,,
PI514505,,,,,,205,30,,
PI665169,,,,,,200,20,,
PI665168,,,,,,,,,
PI665167,,,,,,155,20,,
PI514580,,,,,,,,,
PI514578,,,,,,,,,
PI514577,,,,,,,,,
PI514562,,,,,,190,35,,
PI514558,,,,,,,,,
PI514551,,,,,,280,50,,
PI514546,,,,,,,,,
PI514538,,,,,,,,,
PI514534,,,,,,180,40,,
PI514533,,,,,,,,,
PI514605,,,,,,130,15,,
PI514603,,,,,,,,,
PI514602,,,,,,,,,
PI514601,,,,,,125,20,,
PI514597,,,,,,,,,
PI514595,,,,,,,,,
PI514589,,,,,,,,,
PI514583,,,,,,160,30,,
PI514582,,,,,,,,,
PI514581,,,,,,,,,
PI533861,,,,,,,,,
PI522145,,,,,,,,,
PI514614,,,,,,190,50,,
PI514613,,,,,,,,,
PI514612,,,,,,210,50,,
PI514611,,,,,,220,50,,
PI514610,,,,,,,,,
PI514609,,,,,,,,,
PI514608,,,,,,,,,
PI514606,,,,,,,,,
PI665159,,,,,,,,,
PI656032,,,,,,180,40,,
PI647797,,,,,,,,,
PI647745,,,,,,,,,
PI647732,,,,,,,,,
PI647721,,,,,,,,,
PI576432,,,,,,300,30,,
PI563485,,,,,,175,25,,
PI563484,,,,,,195,20,,
PI563482,,,,,,135,10,,
RTx2536 (PI656010),,,,,,120,20,,
BTx623,,,,,,130,15,,
PI609251,,,,,,175,20,,
SC748,,,,,,140,10,,
TAM428,,,,,,95,20,,
SC719,,,,,,110,20,,
TX2911(PI607931),,,,,,140,30,,
QL3 (PI656060),,,,,,170,30,,
Theis (PI651497),,,,,,170,25,,
Brandeis (PI576436),,,,,,165,25,,
SC326-6,,,,,,100,30,,
SC328C,,,,,,110,20,,
SC414-12E,,,,,,110,25,,
BTx378,,,,,,155,20,,
BTx398,,,,,,150,35,,
SC283,,,,,,130,30,,
SC112-14,,,,,,120,20,,
IS18760,,,,,,180,30,,
PI570726,,,,,,,,,
PI569979,,,,,,,,,
PI570841,,,,,,,,,
PI665166,,,,,,160,15,,
PI665165,,,,,,185,15,,
PI661148,,,,,,100,20,,
PI660638,,,,,,210,30,,
PI660637,,,,,,145,10,,
PI644717,,,,,,115,15,,
PI644502,,,,,,165,20,,
PI576431,,,,,,110,30,,
PI576381,,,,,,85,25,,
PI576380,,,,,,120,15,,
PI576379,,,,,,100,20,,
PI576377,,,,,,125,15,,
PI576376,,,,,,80,20,,
PI576375,,,,,,165,25,,
PI576344,,,,,,140,20,,
PI564780,,,,,,,,,
PI564779,,,,,,110,20,,
PI564778,,,,,,160,25,,
PI564777,,,,,,165,10,,
PI564776,,,,,,160,20,,
PI534157,,,,,,115,20,,
PI534152,,,,,,120,30,,
PI534151,,,,,,100,25,,
PI534146,,,,,,110,15,,
PI534131,,,,,,100,30,,
PI534121,,,,,,140,15,,
PI534116,,,,,,130,30,,
PI534115,,,,,,100,10,,
PI533918,,,,,,90,20,,
PI533903,,,,,,160,25,,
PI330821,,,,,,,,,
PI330819,,,,,,165,20,,
PI330764,,,,,,,,,
PI330288,,,,,,350,,,
PI330261,,,,,,200,15,,
PI330255,,,,,,,,,
PI330230,,,,,,265,10,,
PI330004,,,,,,,,,
PI330000,,,,,,330,20,,
PI329968,,,,,,,,,
PI329697,,,,,,,,,
PI329346,,,,,,,,,
PI329313,,,,,,190,50,,
PI276832,,,,,,265,25,,
PI276822,,,,,,,,,
PI267655,,,,,,,,,
PI267624,,,,,,80,15,,
PI267618,,,,,,120,15,,
PI267606,,,,,,110,15,,
PI267588,,,,,,175,15,,
PI267565,,,,,,160,25,,
PI267557,,,,,,160,20,,
PI257601,,,,,,,,,
PI251637,,,,,,120,10,,
PI197462,,,,,,150,35,,
PI194355,,,,,,100,10,,
PI148101,,,,,,260,10,,
PI148086,,,,,,,,,
PI147833,,,,,,,,,
PI663869,,,,,,,,,
PI330271,,,,,,,,,
PI533923,,,,,,150,20,,
PI533920,,,,,,80,25,,
PI533828,,,,,,125,10,,
PI533800,,,,,,75,20,,
PI533799,,,,,,85,20,,
PI533792,,,,,,,,,
PI534001,,,,,,80,20,,
PI514502,,,,,,,,,
PI514496,,,,,,190,25,,
PI514485,,,,,,,,,
PI514484,,,,,,,,,
PI514474,,,,,,220,45,,
PI514472,,,,,,,,,
PI514471,,,,,,,,,
PI514470,,,,,,,,,
PI514467,,,,,,,,,
PI514460,,,,,,,,,
PI514457,,,,,,350,40,,
PI514456,,,,,,,,,
PI514455,,,,,,,,,
PI514454,,,,,,,,,
PI514453,,,,,,,,,
PI514440,,,,,,300,50,,
PI514437,,,,,,270,35,,
PI514431,,,,,,340,65,,
PI514429,,,,,,280,55,,
PI514415,,,,,,,,,
PI514414,,,,,,310,30,,
PI514413,,,,,,,,,
PI514412,,,,,,230,30,,
PI514411,,,,,,,,,
PI514409,,,,,,240,45,,
PI514406,,,,,,,,,
PI514399,,,,,,185,30,,
PI514398,,,,,,195,40,,
PI514394,,,,,,150,25,,
PI514393,,,,,,170,25,,
PI514392,,,,,,240,25,,
PI514386,,,,,,,,,
PI514385,,,,,,,,,
PI514365,,,,,,,,,
PI514348,,,,,,330,35,,
PI514347,,,,,,300,60,,
PI514338,,,,,,,,,
PI514318,,,,,,,,,
PI514310,,,,,,165,30,,
PI514308,,,,,,135,35,,
PI514288,,,,,,230,20,,
PI514287,,,,,,240,20,,
PI514286,,,,,,250,20,,
PI514285,,,,,,300,20,,
PI514281,,,,,,245,20,,
PI514280,,,,,,310,20,,
PI514279,,,,,,240,20,,
PI669795,,,,,,,,,
PI669704,,,,,,190,30,,
PI669703,,,,,,150,15,,
PI669702,,,,,,190,15,,
PI669699,,,,,,210,20,,
PI669698,,,,,,190,25,,
PI669639,,,,,,,,,
PI669638,,,,,,185,25,,
PI669637,,,,,,160,25,,
PI669636,,,,,,,,,
PI668763,,,,,,215,20,,
PI668757,,,,,,200,15,,
PI668726,,,,,,245,25,,
PI668723,,,,,,200,30,,
PI668717,,,,,,270,40,,
PI514531,,,,,,,,,
PI514521,,,,,,,,,
PI514519,,,,,,,,,
PI514516,,,,,,,,,
PI514507,,,,,,255,45,,
PI514506,,,,,,310,45,,
PI514505,,,,,,210,40,,
PI665169,,,,,,210,25,,
PI665168,,,,,,,,,
PI665167,,,,,,225,25,,
PI514580,,,,,,,,,
PI514578,,,,,,,,,
PI514577,,,,,,,,,
PI514562,,,,,,270,35,,
PI514558,,,,,,,,,
PI514551,,,,,,260,45,,
PI514546,,,,,,,,,
PI514538,,,,,,,,,
PI514534,,,,,,270,25,,
PI514533,,,,,,,,,
PI514605,,,,,,135,20,,
PI514603,,,,,,300,45,,
PI514602,,,,,,,,,
PI514601,,,,,,150,25,,
PI514597,,,,,,280,40,,
PI514595,,,,,,,,,
PI514589,,,,,,,,,
PI514583,,,,,,290,45,,
PI514582,,,,,,,,,
PI514581,,,,,,,,,
PI533861,,,,,,,,,
PI522145,,,,,,,,,
PI514614,,,,,,230,40,,
PI514613,,,,,,250,45,,
PI514612,,,,,,300,80,,
PI514611,,,,,,255,40,,
PI514610,,,,,,,,,
PI514609,,,,,,,,,
PI514608,,,,,,,,,
PI514606,,,,,,320,45,,
PI665159,,,,,,,,,
PI656032,,,,,,235,35,,
PI647797,,,,,,,,,
PI647745,,,,,,,,,
PI647732,,,,,,,,,
PI647721,,,,,,,,,
PI576432,,,,,,345,30,,
PI563485,,,,,,200,35,,
PI563484,,,,,,,,,
PI563482,,,,,,200,20,,
RTx2536 (PI656010),,,,,,140,20,,
BTx623,,,,,,160,20,,
PI609251,,,,,,310,30,,
SC748,,,,,,140,20,,
TAM428,,,,,,110,20,,
SC719,,,,,,150,25,,
TX2911(PI607931),,,,,,,,,
QL3 (PI656060),,,,,,130,30,,
Theis (PI651497),,,,,,165,20,,
Brandeis (PI576436),,,,,,200,20,,
SC326-6,,,,,,90,30,,
SC328C,,,,,,95,20,,
SC414-12E,,,,,,110,35,,
BTx378,,,,,,150,15,,
BTx398,,,,,,160,20,,
SC283,,,,,,150,25,,
SC112-14,,,,,,110,15,,
IS18760,,,,,,230,35,,
PI570726,,,,,,,,,
PI569979,,,,,,,,,
PI570841,,,,,,,,,
PI665166,,,,,,160,20,,
PI665165,,,,,,185,20,,
PI661148,,,,,,110,20,,
PI660638,,,,,,220,25,,
PI660637,,,,,,135,10,,
PI644717,,,,,,,,,
PI644502,,,,,,170,15,,
PI576431,,,,,,120,20,,
PI576381,,,,,,85,25,,
PI576380,,,,,,120,20,,
PI576379,,,,,,90,20,,
PI576377,,,,,,130,15,,
PI576376,,,,,,80,20,,
PI576375,,,,,,150,25,,
PI576344,,,,,,150,20,,
PI564780,,,,,,,,,
PI564779,,,,,,130,25,,
PI564778,,,,,,185,25,,
PI564777,,,,,,160,15,,
PI564776,,,,,,170,30,,
PI534157,,,,,,105,30,,
PI534152,,,,,,120,25,,
PI534151,,,,,,95,30,,
PI534146,,,,,,115,25,,
PI534131,,,,,,110,25,,
PI534121,,,,,,140,15,,
PI534116,,,,,,115,30,,
PI534115,,,,,,105,15,,
PI533918,,,,,,100,15,,
PI533903,,,,,,170,25,,
PI330821,,,,,,,,,
PI330819,,,,,,150,15,,
PI330764,,,,,,,,,
PI330288,,,,,,,20,,
PI330261,,,,,,270,10,,
PI330255,,,,,,,,,
PI330230,,,,,,330,10,,
PI330004,,,,,,,,,
PI330000,,,,,,330,20,,
PI329968,,,,,,,,,
PI329697,,,,,,,,,
PI329346,,,,,,,,,
PI329313,,,,,,245,40,,
PI276832,,,,,,240,20,,
PI276822,,,,,,,,,
PI267655,,,,,,,,,
PI267624,,,,,,110,20,,
PI267618,,,,,,110,10,,
PI267606,,,,,,125,15,,
PI267588,,,,,,155,15,,
PI267565,,,,,,130,20,,
PI267557,,,,,,165,20,,
PI257601,,,,,,,,,
PI251637,,,,,,130,15,,
PI197462,,,,,,150,30,,
PI194355,,,,,,100,10,,
PI148101,,,,,,210,20,,
PI148086,,,,,,,,,
PI147833,,,,,,,,,
PI663869,,,,,,,,,
PI330271,,,,,,,,,
PI533923,,,,,,155,25,,
PI533920,,,,,,95,25,,
PI533828,,,,,,150,15,,
PI533800,,,,,,100,10,,
PI533799,,,,,,80,15,,
PI533792,,,,,,,,,
PI534001,,,,,,95,20,,
PI514502,,,,,,,,,
PI514496,,,,,,190,35,,
PI514485,,,,,,,,,
PI514484,,,,,,,,,
PI514474,,,,,,230,35,,
PI514472,,,,,,,,,
PI514471,,,,,,,,,
PI514470,,,,,,,,,
PI514467,,,,,,,,,
PI514460,,,,,,,,,
PI514457,,,,,,,,,
PI514456,,,,,,,,,
PI514455,,,,,,,,,
PI514454,,,,,,,,,
PI514453,,,,,,,,,
PI514440,,,,,,275,20,,
PI514437,,,,,,310,35,,
PI514431,,,,,,370,65,,
PI514429,,,,,,290,50,,
PI514415,,,,,,,,,
PI514414,,,,,,270,30,,
PI514413,,,,,,,,,
PI514412,,,,,,225,40,,
PI514411,,,,,,,,,
PI514409,,,,,,250,30,,
PI514406,,,,,,,,,
PI514399,,,,,,180,30,,
PI514398,,,,,,175,30,,
PI514394,,,,,,165,20,,
PI514393,,,,,,155,25,,
PI514392,,,,,,230,40,,
PI514386,,,,,,,,,
PI514385,,,,,,,,,
PI514365,,,,,,,,,
PI514348,,,,,,360,30,,
PI514347,,,,,,310,70,,
PI514338,,,,,,,,,
PI514318,,,,,,,,,
PI514310,,,,,,160,25,,
PI514308,,,,,,155,25,,
PI514288,,,,,,220,20,,
PI514287,,,,,,270,20,,
PI514286,,,,,,220,20,,
PI514285,,,,,,310,20,,
PI514281,,,,,,190,30,,
PI514280,,,,,,270,15,,
PI514279,,,,,,250,20,,
PI669795,,,,,,,,,
PI669704,,,,,,215,25,,
PI669703,,,,,,145,25,,
PI669702,,,,,,210,20,,
PI669699,,,,,,185,15,,
PI669698,,,,,,190,25,,
PI669639,,,,,,,,,
PI669638,,,,,,180,25,,
PI669637,,,,,,140,20,,
PI669636,,,,,,,,,
PI668763,,,,,,200,25,,
PI668757,,,,,,210,15,,
PI668726,,,,,,240,25,,
PI668723,,,,,,215,30,,
PI668717,,,,,,290,45,,
PI514531,,,,,,,,,
PI514521,,,,,,,,,
PI514519,,,,,,,,,
PI514516,,,,,,,,,
PI514507,,,,,,255,40,,
PI514506,,,,,,260,45,,
PI514505,,,,,,250,50,,
PI665169,,,,,,210,20,,
PI665168,,,,,,,,,
PI665167,,,,,,240,20,,
PI514580,,,,,,,,,
PI514578,,,,,,,,,
PI514577,,,,,,,,,
PI514562,,,,,,270,60,,
PI514558,,,,,,,,,
PI514551,,,,,,260,55,,
PI514546,,,,,,,,,
PI514538,,,,,,,,,
PI514534,,,,,,260,40,,
PI514533,,,,,,,,,
PI514605,,,,,,135,15,,
PI514603,,,,,,,,,
PI514602,,,,,,,,,
PI514601,,,,,,165,20,,
PI514597,,,,,,300,30,,
PI514595,,,,,,,,,
PI514589,,,,,,,,,
PI514583,,,,,,290,45,,
PI514582,,,,,,,,,
PI514581,,,,,,,,,
PI533861,,,,,,,,,
PI522145,,,,,,,,,
PI514614,,,,,,220,50,,
PI514613,,,,,,260,60,,
PI514612,,,,,,280,60,,
PI514611,,,,,,260,60,,
PI514610,,,,,,,,,
PI514609,,,,,,,,,
PI514608,,,,,,,,,
PI514606,,,,,,250,35,,
PI665159,,,,,,,,,
PI656032,,,,,,200,30,,
PI647797,,,,,,,,,
PI647745,,,,,,,,,
PI647732,,,,,,,,,
PI647721,,,,,,,,,
PI576432,,,,,,290,25,,
PI563485,,,,,,200,35,,
PI563484,,,,,,,,,
PI563482,,,,,,200,20,,
RTx2536 (PI656010),,,,,,120,30,,
BTx623,,,,,,150,20,,
PI609251,,,,,,310,30,,
SC748,,,,,,120,20,,
TAM428,,,,,,110,20,,
SC719,,,,,,150,20,,
TX2911(PI607931),,,,,,,,,
QL3 (PI656060),,,,,,140,30,,
Theis (PI651497),,,,,,160,20,,
Brandeis (PI576436),,,,,,195,20,,
SC326-6,,,,,,100,35,,
SC328C,,,,,,95,20,,
SC414-12E,,,,,,130,25,,
BTx378,,,,,,150,20,,
BTx398,,,,,,150,20,,
SC283,,,,,,150,30,,
SC112-14,,,,,,110,10,,
IS18760,,,,,,220,35,,
PI570726,,,,,,,,,
PI569979,,,,,,,,,
PI570841,,,,,,,,,
PI665166,,,,,,175,20,,
PI665165,,,,,,185,20,,
PI661148,,,,,,115,15,,
PI660638,,,,,,225,25,,
PI660637,,,,,,135,15,,
PI644717,,,,,,,,,
PI644502,,,,,,160,20,,
PI576431,,,,,,120,15,,
PI576381,,,,,,85,25,,
PI576380,,,,,,120,25,,
PI576379,,,,,,110,20,,
PI576377,,,,,,130,20,,
PI576376,,,,,,80,25,,
PI576375,,,,,,150,30,,
PI576344,,,,,,155,15,,
PI564780,,,,,,,,,
PI564779,,,,,,110,25,,
PI564778,,,,,,155,20,,
PI564777,,,,,,160,20,,
PI564776,,,,,,175,20,,
PI534157,,,,,,110,25,,
PI534152,,,,,,130,25,,
PI534151,,,,,,100,25,,
PI534146,,,,,,100,20,,
PI534131,,,,,,110,30,,
PI534121,,,,,,135,10,,
PI534116,,,,,,130,30,,
PI534115,,,,,,95,15,,
PI533918,,,,,,100,15,,
PI533903,,,,,,170,25,,
PI330821,,,,,,,,,
PI330819,,,,,,170,20,,
PI330764,,,,,,,,,
PI330288,,,,,,,,,
PI330261,,,,,,,,,
PI330255,,,,,,,,,
PI330230,,,,,,,,,
PI330004,,,,,,,,,
PI330000,,,,,,310,20,,
PI329968,,,,,,,,,
PI329697,,,,,,,,,
PI329346,,,,,,,,,
PI329313,,,,,,250,50,,
PI276832,,,,,,,,,
PI276822,,,,,,,,,
PI267655,,,,,,,,,
PI267624,,,,,,130,10,,
PI267618,,,,,,110,15,,
PI267606,,,,,,140,15,,
PI267588,,,,,,150,20,,
PI267565,,,,,,200,25,,
PI267557,,,,,,165,30,,
PI257601,,,,,,,,,
PI251637,,,,,,130,10,,
PI197462,,,,,,165,30,,
PI194355,,,,,,95,10,,
PI148101,,,,,,190,25,,
PI148086,,,,,,,,,
PI147833,,,,,,,,,
PI663869,,,,,,,,,
PI330271,,,,,,,,,
PI533923,,,,,,170,15,,
PI533920,,,,,,95,20,,
PI533828,,,,,,120,20,,
PI533800,,,,,,100,10,,
PI533799,,,,,,85,15,,
PI533792,,,,,,,,,
PI534001,,,,,,110,25,,
PI514502,,,,,,,,,
PI514496,,,,,,210,35,,
PI514485,,,,,,,,,
PI514484,,,,,,,,,
PI514474,,,,,,250,35,,
PI514472,,,,,,,,,
PI514471,,,,,,,,,
PI514470,,,,,,,,,
PI514467,,,,,,,,,
PI514460,,,,,,,,,
PI514457,,,,,,,,,
PI514456,,,,,,,,,
PI514455,,,,,,,,,
PI514454,,,,,,,,,
PI514453,,,,,,,,,
PI514440,,,,,,310,25,,
PI514437,,,,,,300,50,,
PI514431,,,,,,390,60,,
PI514429,,,,,,310,65,,
PI514415,,,,,,,,,
PI514414,,,,,,270,35,,
PI514413,,,,,,,,,
PI514412,,,,,,210,35,,
PI514411,,,,,,,,,
PI514409,,,,,,250,45,,
PI514406,,,,,,,,,
PI514399,,,,,,195,20,,
PI514398,,,,,,195,30,,
PI514394,,,,,,155,20,,
PI514393,,,,,,160,30,,
PI514392,,,,,,200,35,,
PI514386,,,,,,,,,
PI514385,,,,,,,,,
PI514365,,,,,,,,,
PI514348,,,,,,310,40,,
PI514347,,,,,,340,40,,
PI514338,,,,,,,,,
PI514318,,,,,,,,,
PI514310,,,,,,165,25,,
PI514308,,,,,,180,30,,
PI514288,,,,,,230,15,,
PI514287,,,,,,280,20,,
PI514286,,,,,,220,20,,
PI514285,,,,,,290,25,,
PI514281,,,,,,,,,
PI514280,,,,,,310,15,,
PI514279,,,,,,250,30,,
PI669795,,,,,,,,,
PI669704,,,,,,200,30,,
PI669703,,,,,,135,25,,
PI669702,,,,,,180,25,,
PI669699,,,,,,175,25,,
PI669698,,,,,,185,25,,
PI669639,,,,,,,,,
PI669638,,,,,,190,25,,
PI669637,,,,,,160,20,,
PI669636,,,,,,,,,
PI668763,,,,,,180,25,,
PI668757,,,,,,210,20,,
PI668726,,,,,,230,30,,
PI668723,,,,,,215,25,,
PI668717,,,,,,260,50,,
PI514531,,,,,,,,,
PI514521,,,,,,,,,
PI514519,,,,,,,,,
PI514516,,,,,,,,,
PI514507,,,,,,220,40,,
PI514506,,,,,,260,45,,
PI514505,,,,,,200,40,,
PI665169,,,,,,220,25,,
PI665168,,,,,,,,,
PI665167,,,,,,220,20,,
PI514580,,,,,,,,,
PI514578,,,,,,,,,
PI514577,,,,,,,,,
PI514562,,,,,,270,55,,
PI514558,,,,,,,,,
PI514551,,,,,,265,55,,
PI514546,,,,,,,,,
PI514538,,,,,,,,,
PI514534,,,,,,220,45,,
PI514533,,,,,,,,,
PI514605,,,,,,160,15,,
PI514603,,,,,,,,,
PI514602,,,,,,,,,
PI514601,,,,,,160,20,,
PI514597,,,,,,280,35,,
PI514595,,,,,,,,,
PI514589,,,,,,,,,
PI514583,,,,,,300,50,,
PI514582,,,,,,,,,
PI514581,,,,,,,,,
PI533861,,,,,,,,,
PI522145,,,,,,,,,
PI514614,,,,,,,,,
PI514613,,,,,,270,45,,
PI514612,,,,,,280,50,,
PI514611,,,,,,255,60,,
PI514610,,,,,,,,,
PI514609,,,,,,,,,
PI514608,,,,,,,,,
PI514606,,,,,,260,45,,
PI665159,,,,,,,,,
PI656032,,,,,,190,40,,
PI647797,,,,,,,,,
PI647745,,,,,,,,,
PI647732,,,,,,,,,
PI647721,,,,,,,,,
PI576432,,,,,,310,30,,
PI563485,,,,,,250,40,,
PI563484,,,,,,,,,
PI563482,,,,,,210,20,,
RTx2536 (PI656010),,,,,,120,30,,
BTx623,,,,,,160,30,,
PI609251,,,,,,280,25,,
SC748,,,,,,130,25,,
TAM428,,,,,,150,25,,
SC719,,,,,,160,20,,
TX2911(PI607931),,,,,,,,,
QL3 (PI656060),,,,,,170,30,,
Theis (PI651497),,,,,,160,25,,
Brandeis (PI576436),,,,,,175,20,,
SC326-6,,,,,,80,30,,
SC328C,,,,,,90,25,,
SC414-12E,,,,,,135,30,,
BTx378,,,,,,150,20,,
BTx398,,,,,,160,15,,
SC283,,,,,,145,30,,
SC112-14,,,,,,115,15,,
IS18760,,,,,,240,35,,
PI570726,,,,,,,,,
PI569979,,,,,,,,,
PI570841,,,,,,,,,
